region_id,gene_id,enh_id,gm12878_avg_dist,hffc6_avg_dist
chr10:132661554-133797422,ENSG00000151651,chr10:133275586-133276766,2.3486921787261963,0.4416224956512451
chr10:29667066-31668634,ENSG00000107968,chr10:30437411-30438911,3.007702350616455,1.1708643436431885
chr10:41688884-43690774,ENSG00000169813,chr10:43394692-43396452,4.462523937225342,3.7362220287323
chr10:69686135-77506369,ENSG00000165637,chr10:75210942-75211132,0.47920557856559753,0.5124498605728149
chr10:69686135-77506369,ENSG00000166507,chr10:73810902-73811472,0.24755042791366577,0.24883747100830078
chr10:69686135-77506369,ENSG00000172586,chr10:73773042-73773182,2.1694464683532715,2.1790964603424072
chr10:69686135-77506369,ENSG00000196968,chr10:73773042-73773182,0.26589688658714294,0.21455596387386322
chr10:69686135-77506369,ENSG00000213551,chr10:73252272-73252462,3.6271004676818848,0.1390688717365265
chr10:69686135-77506369,ENSG00000214655,chr10:73773042-73773182,2.9835541248321533,2.9839365482330322
chr10:97906407-99910128,ENSG00000107521,chr10:98445413-98446803,0.36621466279029846,0.3590514361858368
chr11:124504554-127402828,ENSG00000134910,chr11:125592915-125593635,0.4452227056026459,0.4360846281051636
chr11:127812339-129813741,ENSG00000151702,chr11:128694275-128695905,2.5844991207122803,2.6705987453460693
chr11:2217319-4222558,ENSG00000110628,chr11:2902370-2902580,1.7243528366088867,1.252821683883667
chr11:2217319-4222558,ENSG00000129757,chr11:2902370-2902580,5.150968551635742,5.380492687225342
chr11:2217319-4222558,ENSG00000254827,chr11:2902370-2902580,0.5712345838546753,0.6110118627548218
chr11:42314472-44315709,ENSG00000110455,chr11:44066700-44067620,0.5770351886749268,0.5455475449562073
chr11:47305544-50688076,ENSG00000030066,chr11:47847958-47848218,0.19061556458473206,0.02341003343462944
chr11:47305544-50688076,ENSG00000109920,chr11:47765368-47767068,0.4601183235645294,0.09531940519809723
chr11:54379674-57673729,ENSG00000134809,chr11:57530237-57530657,0.5937749147415161,0.5735021233558655
chr11:54379674-57673729,ENSG00000149150,chr11:57530237-57530657,5.776153087615967,5.917298793792725
chr11:54379674-57673729,ENSG00000214872,chr11:57530237-57530657,4.336521148681641,3.7792749404907227
chr11:54379674-57673729,ENSG00000254979,chr11:57426657-57426877,0.9574102163314819,0.952846348285675
chr11:63186244-65192942,ENSG00000110011,chr11:64242218-64242378,3.3416929244995117,5.159487247467041
chr11:63186244-65192942,ENSG00000110011,chr11:64245288-64246408,5.166272163391113,6.458434581756592
chr11:63186244-65192942,ENSG00000149743,chr11:64206818-64207348,0.985889732837677,7.537952899932861
chr11:63186244-65192942,ENSG00000149743,chr11:64242218-64242378,1.1020902395248413,5.699026584625244
chr11:63186244-65192942,ENSG00000149743,chr11:64245288-64246408,4.174424171447754,6.696836948394775
chr11:63186244-65192942,ENSG00000149761,chr11:64206818-64207348,0.985889732837677,7.537952899932861
chr11:63186244-65192942,ENSG00000149761,chr11:64242218-64242378,1.1020902395248413,5.699026584625244
chr11:63186244-65192942,ENSG00000149761,chr11:64245288-64246408,4.174424171447754,6.696836948394775
chr11:63186244-65192942,ENSG00000149782,chr11:64242218-64242378,1.5139358043670654,5.08914852142334
chr11:63186244-65192942,ENSG00000149782,chr11:64245288-64246408,4.3214430809021,3.5058910846710205
chr11:63186244-65192942,ENSG00000167770,chr11:63986518-63988328,0.9681771993637085,0.9770651459693909
chr11:63186244-65192942,ENSG00000168060,chr11:65047568-65047638,4.823802947998047,3.648477077484131
chr11:63186244-65192942,ENSG00000168061,chr11:65047568-65047638,3.5071651935577393,2.1168460845947266
chr11:63186244-65192942,ENSG00000173457,chr11:64242218-64242378,3.123000144958496,2.403139114379883
chr11:63186244-65192942,ENSG00000173457,chr11:64245288-64246408,1.3093972206115723,0.5185524821281433
chr11:63186244-65192942,ENSG00000173486,chr11:64242218-64242378,2.7476141452789307,0.5128659009933472
chr11:63186244-65192942,ENSG00000173486,chr11:64245288-64246408,4.765225887298584,2.3750908374786377
chr11:63186244-65192942,ENSG00000173511,chr11:64242218-64242378,4.41362190246582,3.536452293395996
chr11:63186244-65192942,ENSG00000173511,chr11:64245288-64246408,5.83317756652832,5.141054153442383
chr11:63186244-65192942,ENSG00000176340,chr11:63986518-63988328,4.923427581787109,4.927512168884277
chr11:8672302-10681352,ENSG00000166483,chr11:9575373-9575883,1.688979148864746,0.5654566287994385
chr12:120641534-122651577,ENSG00000089094,chr12:121578945-121580015,1.7628523111343384,0.7962085604667664
chr12:120641534-122651577,ENSG00000139718,chr12:121798694-121799734,4.160303115844727,5.251461982727051
chr12:120641534-122651577,ENSG00000139725,chr12:121798694-121799734,4.160303115844727,5.82246208190918
chr12:51474161-53778885,ENSG00000123395,chr12:52051566-52052486,0.8239368200302124,5.326827526092529
chr12:51474161-53778885,ENSG00000123395,chr12:52070246-52070346,1.5131529569625854,0.3009892404079437
chr12:51474161-53778885,ENSG00000167778,chr12:53077266-53079306,1.3573732376098633,0.6291549205780029
chr12:51474161-53778885,ENSG00000167779,chr12:53077266-53079306,1.5820404291152954,5.711019992828369
chr12:51474161-53778885,ENSG00000182544,chr12:53268376-53268746,0.31786230206489563,7.052924156188965
chr12:51474161-53778885,ENSG00000185591,chr12:53380686-53381656,0.6172488927841187,0.5854277610778809
chr12:51474161-53778885,ENSG00000197111,chr12:53441796-53442686,5.371642589569092,5.326626777648926
chr12:6559925-14004290,ENSG00000010626,chr12:6869186-6869256,2.6220803260803223,1.7180798053741455
chr12:6559925-14004290,ENSG00000010626,chr12:6869776-6870046,2.6220803260803223,3.4380645751953125
chr12:6559925-14004290,ENSG00000059804,chr12:7933904-7936014,1.4573599100112915,0.4088610112667084
chr12:6559925-14004290,ENSG00000110811,chr12:6828936-6829856,1.8672174215316772,1.300041675567627
chr12:6559925-14004290,ENSG00000111664,chr12:6828936-6829856,3.4372098445892334,4.9475016593933105
chr12:6559925-14004290,ENSG00000111665,chr12:6869186-6869256,0.7364754676818848,7.064974784851074
chr12:6559925-14004290,ENSG00000111665,chr12:6869776-6870046,0.7364754676818848,7.5737481117248535
chr12:6559925-14004290,ENSG00000111667,chr12:6869186-6869256,1.044777750968933,7.20095157623291
chr12:6559925-14004290,ENSG00000111667,chr12:6869776-6870046,1.044777750968933,7.67425537109375
chr12:6559925-14004290,ENSG00000111669,chr12:6869186-6869256,1.059830665588379,2.1120574474334717
chr12:6559925-14004290,ENSG00000111669,chr12:6869776-6870046,1.059830665588379,3.556292772293091
chr12:6559925-14004290,ENSG00000111671,chr12:6869776-6870046,1.5094990730285645,3.971264123916626
chr12:6559925-14004290,ENSG00000111671,chr12:6905076-6905576,6.682860851287842,7.2701873779296875
chr12:6559925-14004290,ENSG00000111674,chr12:6905076-6905576,3.7474746704101562,3.806997060775757
chr12:6559925-14004290,ENSG00000111674,chr12:6914656-6915816,1.3747097253799438,0.5752317309379578
chr12:6559925-14004290,ENSG00000111676,chr12:6905076-6905576,6.589776992797852,6.8556599617004395
chr12:6559925-14004290,ENSG00000111676,chr12:6914656-6915816,3.891467809677124,5.846640110015869
chr12:6559925-14004290,ENSG00000126746,chr12:6688224-6689094,1.9782675504684448,0.3889988660812378
chr12:6559925-14004290,ENSG00000139194,chr12:7108944-7109104,6.2989726066589355,6.448719024658203
chr12:6559925-14004290,ENSG00000139200,chr12:6688224-6689094,2.24123477935791,4.246922016143799
chr12:6559925-14004290,ENSG00000159403,chr12:7108484-7108664,3.8528892993927,1.7528870105743408
chr12:6559925-14004290,ENSG00000159403,chr12:7108944-7109104,3.8528892993927,1.7528870105743408
chr12:6559925-14004290,ENSG00000178878,chr12:12718956-12720916,3.8851022720336914,3.0441110134124756
chr12:6559925-14004290,ENSG00000250510,chr12:6828936-6829856,1.557785987854004,4.739231586456299
chr13:19249250-22720993,ENSG00000132950,chr13:19862470-19863440,0.7720893621444702,0.03151119127869606
chr14:104864144-107043718,ENSG00000182809,chr14:105491703-105492103,3.288623332977295,2.450066566467285
chr14:104864144-107043718,ENSG00000185347,chr14:105491703-105492103,0.8315075039863586,1.6318398714065552
chr14:104864144-107043718,ENSG00000213145,chr14:105491703-105492103,4.016976833343506,3.5492992401123047
chr14:104864144-107043718,ENSG00000257341,chr14:105491703-105492103,3.0081546306610107,3.5492992401123047
chr14:20557740-24954664,ENSG00000092098,chr14:24161341-24162141,1.9220118522644043,6.516590118408203
chr14:20557740-24954664,ENSG00000092295,chr14:24270944-24271104,2.7963345050811768,4.329036235809326
chr14:20557740-24954664,ENSG00000092330,chr14:24241774-24241884,1.2196393013000488,1.261013150215149
chr14:20557740-24954664,ENSG00000092330,chr14:24241994-24242134,1.2196393013000488,1.261013150215149
chr14:20557740-24954664,ENSG00000100836,chr14:23322291-23322991,2.9154410362243652,0.398274689912796
chr14:20557740-24954664,ENSG00000100888,chr14:21436711-21437191,0.8110734820365906,3.2899367809295654
chr14:20557740-24954664,ENSG00000100911,chr14:24161341-24162141,0.9196538329124451,6.195584774017334
chr14:20557740-24954664,ENSG00000100918,chr14:24161341-24162141,4.905930042266846,5.027491569519043
chr14:20557740-24954664,ENSG00000100918,chr14:24188254-24188334,4.820002555847168,5.9229936599731445
chr14:20557740-24954664,ENSG00000100918,chr14:24188634-24188714,4.842419624328613,5.9229936599731445
chr14:20557740-24954664,ENSG00000100926,chr14:24188254-24188334,3.535019636154175,3.021381139755249
chr14:20557740-24954664,ENSG00000100926,chr14:24188634-24188714,3.1213901042938232,3.021381139755249
chr14:20557740-24954664,ENSG00000100938,chr14:24241774-24241884,4.974007606506348,5.257640838623047
chr14:20557740-24954664,ENSG00000100938,chr14:24241994-24242134,4.974007606506348,5.257640838623047
chr14:20557740-24954664,ENSG00000100949,chr14:24270944-24271104,0.502388596534729,1.9478400945663452
chr14:20557740-24954664,ENSG00000129559,chr14:24241774-24241884,5.232277870178223,5.257640838623047
chr14:20557740-24954664,ENSG00000129559,chr14:24241994-24242134,5.232277870178223,5.257640838623047
chr14:20557740-24954664,ENSG00000139880,chr14:23071191-23071421,1.018648624420166,1.7261319160461426
chr14:20557740-24954664,ENSG00000139908,chr14:24188254-24188334,6.012649059295654,6.077270984649658
chr14:20557740-24954664,ENSG00000139908,chr14:24188634-24188714,5.7801642417907715,6.077270984649658
chr14:20557740-24954664,ENSG00000139908,chr14:24195034-24195344,4.947713375091553,4.034409046173096
chr14:20557740-24954664,ENSG00000196497,chr14:24195034-24195344,3.120410203933716,3.021381139755249
chr14:20557740-24954664,ENSG00000235194,chr14:23322291-23322991,2.0798070430755615,6.631826400756836
chr14:20557740-24954664,ENSG00000254505,chr14:24195034-24195344,1.546262264251709,6.657543182373047
chr14:20557740-24954664,ENSG00000258643,chr14:23322291-23322991,4.521392822265625,5.511113166809082
chr14:20557740-24954664,ENSG00000259522,chr14:24188254-24188334,1.5080561637878418,0.8167877197265625
chr14:20557740-24954664,ENSG00000259522,chr14:24188634-24188714,1.0089138746261597,0.8167877197265625
chr14:20557740-24954664,ENSG00000259522,chr14:24195034-24195344,2.151623010635376,2.241799831390381
chr14:20557740-24954664,ENSG00000259529,chr14:24161341-24162141,0.9196538329124451,6.195584774017334
chr14:36663531-39372795,ENSG00000100934,chr14:39114476-39114826,2.178420066833496,0.4539850354194641
chr14:36663531-39372795,ENSG00000182400,chr14:39175436-39176076,2.1912710666656494,1.899756669998169
chr14:71865109-74083300,ENSG00000100767,chr14:73245692-73246072,3.3263015747070312,3.524615526199341
chr15:29235976-33313102,ENSG00000198690,chr15:30904027-30904507,4.037815093994141,3.076153516769409
chr15:33513608-36870259,ENSG00000021776,chr15:34987679-34988109,6.180743217468262,6.431956768035889
chr15:33513608-36870259,ENSG00000134152,chr15:34225199-34225529,7.603038311004639,4.727281093597412
chr15:33513608-36870259,ENSG00000176454,chr15:34365699-34366979,1.2607097625732422,1.0087579488754272
chr15:41523258-43526588,ENSG00000137842,chr15:43133982-43134252,2.6103453636169434,2.6499881744384766
chr15:73013900-75018751,ENSG00000178802,chr15:74906369-74906579,7.323919773101807,4.4442243576049805
chr15:83578304-85589305,ENSG00000197696,chr15:84653699-84654229,2.502676010131836,2.262904167175293
chr16:0-1177743,ENSG00000103152,chr16:78331-79131,1.229228138923645,1.220436692237854
chr16:0-1177743,ENSG00000103245,chr16:721440-721590,3.005751371383667,3.2935051918029785
chr16:0-1177743,ENSG00000103253,chr16:721440-721590,3.8687708377838135,4.207890033721924
chr16:0-1177743,ENSG00000103254,chr16:721440-721590,1.2372448444366455,0.9516568779945374
chr16:0-1177743,ENSG00000103260,chr16:721440-721590,1.097737431526184,2.059626579284668
chr16:0-1177743,ENSG00000103266,chr16:684160-684230,2.4667747020721436,3.190855026245117
chr16:0-1177743,ENSG00000103269,chr16:684160-684230,6.020888805389404,4.069275379180908
chr16:0-1177743,ENSG00000127578,chr16:635780-636090,1.1266881227493286,1.2694141864776611
chr16:0-1177743,ENSG00000127578,chr16:642040-642110,5.903193473815918,2.3411717414855957
chr16:0-1177743,ENSG00000127580,chr16:684160-684230,3.5868148803710938,3.6613476276397705
chr16:0-1177743,ENSG00000127585,chr16:721440-721590,4.28840446472168,4.449777126312256
chr16:0-1177743,ENSG00000130731,chr16:642040-642110,4.698084831237793,1.0717917680740356
chr16:0-1177743,ENSG00000130731,chr16:649430-649760,0.7680345773696899,2.4034371376037598
chr16:0-1177743,ENSG00000140983,chr16:649430-649760,0.5104380249977112,3.1053497791290283
chr16:0-1177743,ENSG00000140983,chr16:684160-684230,2.6976168155670166,3.0600051879882812
chr16:0-1177743,ENSG00000161996,chr16:635780-636090,0.5075695514678955,2.245932102203369
chr16:0-1177743,ENSG00000161996,chr16:642040-642110,5.096126079559326,1.1741881370544434
chr16:0-1177743,ENSG00000162004,chr16:721440-721590,3.8687708377838135,4.207890033721924
chr16:0-1177743,ENSG00000172366,chr16:635780-636090,0.6786357164382935,0.18093553185462952
chr16:0-1177743,ENSG00000172366,chr16:642040-642110,4.698084831237793,0.8908582329750061
chr16:0-1177743,ENSG00000172366,chr16:649430-649760,0.7680345773696899,2.2225160598754883
chr16:1579826-3690144,ENSG00000127554,chr16:1992209-1992629,3.9280364513397217,1.0217444896697998
chr16:1579826-3690144,ENSG00000127561,chr16:1992209-1992629,1.4918577671051025,0.3598119616508484
chr16:1579826-3690144,ENSG00000140988,chr16:1959759-1959999,2.3854708671569824,0.8002147674560547
chr16:1579826-3690144,ENSG00000162066,chr16:2514179-2515359,2.978679895401001,0.11741781234741211
chr16:1579826-3690144,ENSG00000167962,chr16:1992209-1992629,6.926395416259766,5.068172454833984
chr16:1579826-3690144,ENSG00000167965,chr16:2206219-2206349,0.8098598718643188,0.8936609029769897
chr16:1579826-3690144,ENSG00000167965,chr16:2206409-2206489,1.252515196800232,0.8936609029769897
chr16:1579826-3690144,ENSG00000167967,chr16:2206219-2206349,5.964941501617432,5.84007453918457
chr16:1579826-3690144,ENSG00000167967,chr16:2206409-2206489,5.682915687561035,5.84007453918457
chr16:1579826-3690144,ENSG00000167971,chr16:2206219-2206349,3.8417716026306152,4.462472438812256
chr16:1579826-3690144,ENSG00000167971,chr16:2206409-2206489,4.223962783813477,4.462472438812256
chr16:1579826-3690144,ENSG00000182685,chr16:2206219-2206349,2.278352737426758,1.8748856782913208
chr16:1579826-3690144,ENSG00000182685,chr16:2206409-2206489,1.8363173007965088,1.8748856782913208
chr16:1579826-3690144,ENSG00000183751,chr16:1959759-1959999,4.140066623687744,2.089019298553467
chr16:1579826-3690144,ENSG00000183971,chr16:1992209-1992629,6.926395416259766,5.068172454833984
chr16:1579826-3690144,ENSG00000184207,chr16:2206219-2206349,3.6556241512298584,3.3441896438598633
chr16:1579826-3690144,ENSG00000184207,chr16:2206409-2206489,3.2325055599212646,3.3441896438598633
chr16:1579826-3690144,ENSG00000185883,chr16:2514179-2515359,0.422786682844162,0.01888524368405342
chr16:1579826-3690144,ENSG00000196408,chr16:1992209-1992629,3.9280364513397217,1.0217444896697998
chr16:1579826-3690144,ENSG00000198736,chr16:1959759-1959999,6.980381965637207,2.304216146469116
chr16:1579826-3690144,ENSG00000205923,chr16:2514179-2515359,5.770390510559082,0.35060742497444153
chr16:1579826-3690144,ENSG00000260272,chr16:2514179-2515359,5.5232648849487305,1.8207629919052124
chr16:28118907-31001007,ENSG00000103549,chr16:30748489-30748799,3.5090842247009277,3.411557674407959
chr16:28118907-31001007,ENSG00000149923,chr16:30065929-30066879,3.8331050872802734,3.918611764907837
chr16:28118907-31001007,ENSG00000149925,chr16:30065929-30066879,1.1020830869674683,0.7907921075820923
chr16:28118907-31001007,ENSG00000149926,chr16:30065929-30066879,5.653766632080078,5.048404693603516
chr16:28118907-31001007,ENSG00000156853,chr16:30609639-30609739,4.309806823730469,6.148471832275391
chr16:28118907-31001007,ENSG00000156858,chr16:30651669-30651789,1.9955167770385742,0.6936858296394348
chr16:28118907-31001007,ENSG00000156860,chr16:30651669-30651789,2.017127275466919,4.2164306640625
chr16:28118907-31001007,ENSG00000175938,chr16:30957969-30958709,4.679832458496094,5.604805946350098
chr16:28118907-31001007,ENSG00000176953,chr16:28951399-28952129,0.6447830200195312,0.727204442024231
chr16:28118907-31001007,ENSG00000177548,chr16:28924619-28925099,4.255139350891113,4.392119884490967
chr16:28118907-31001007,ENSG00000177548,chr16:28951399-28952129,5.428674697875977,4.63868522644043
chr16:28118907-31001007,ENSG00000196118,chr16:30748489-30748799,3.7932772636413574,3.704226016998291
chr16:28118907-31001007,ENSG00000229809,chr16:30585249-30585399,4.6029839515686035,4.938311576843262
chr16:4143059-6144576,ENSG00000067836,chr16:4801589-4802379,0.22517748177051544,0.17194370925426483
chr16:81875251-85471304,ENSG00000103187,chr16:84617584-84617834,0.2680380344390869,0.7925030589103699
chr16:87130710-89133153,ENSG00000167513,chr16:88811652-88811812,4.462210655212402,5.026699066162109
chr17:14673472-23202909,ENSG00000072310,chr17:17819726-17820086,7.674661636352539,6.3028950691223145
chr17:14673472-23202909,ENSG00000170315,chr17:16381676-16381896,0.5777260065078735,0.42716193199157715
chr17:14673472-23202909,ENSG00000187688,chr17:16417866-16420106,2.6417551040649414,1.1687297821044922
chr17:2037482-6752705,ENSG00000129195,chr17:6444490-6445070,0.6338368058204651,0.6468533873558044
chr17:2037482-6752705,ENSG00000129219,chr17:4796295-4796725,3.8802573680877686,3.644735813140869
chr17:2037482-6752705,ENSG00000142507,chr17:4807225-4807765,3.8802573680877686,4.024265289306641
chr17:2037482-6752705,ENSG00000182327,chr17:4796295-4796725,0.3408622741699219,5.039524078369141
chr17:2037482-6752705,ENSG00000182327,chr17:4807225-4807765,3.7719039916992188,7.268338680267334
chr17:2037482-6752705,ENSG00000182853,chr17:4796295-4796725,1.1876683235168457,2.336615800857544
chr17:2037482-6752705,ENSG00000262165,chr17:4796295-4796725,3.8802573680877686,3.644735813140869
chr17:40227320-42255967,ENSG00000108773,chr17:42112202-42112602,0.5517656207084656,4.894247055053711
chr17:40227320-42255967,ENSG00000173812,chr17:41690188-41690778,0.7788946628570557,0.8972899913787842
chr17:40227320-42255967,ENSG00000186395,chr17:40819278-40819508,1.6158086061477661,1.2136491537094116
chr17:55871839-57875624,ENSG00000121057,chr17:57086079-57086369,0.6217167377471924,0.05835529416799545
chr17:73895170-77341583,ENSG00000167863,chr17:75032725-75034025,4.778366565704346,4.83851957321167
chr17:73895170-77341583,ENSG00000180901,chr17:75032725-75034025,0.5072120428085327,0.37999415397644043
chr17:73895170-77341583,ENSG00000182473,chr17:76103079-76103359,3.643984317779541,5.50588846206665
chr17:80311143-83257441,ENSG00000141522,chr17:81859384-81860324,2.604060173034668,1.4317374229431152
chr17:80311143-83257441,ENSG00000141522,chr17:81869954-81870634,0.7128549218177795,1.2968989610671997
chr17:80311143-83257441,ENSG00000183048,chr17:81703580-81704240,5.058080673217773,1.916652798652649
chr17:80311143-83257441,ENSG00000185624,chr17:81859384-81860324,0.3182787597179413,0.19847068190574646
chr17:80311143-83257441,ENSG00000185624,chr17:81869954-81870634,2.192183017730713,2.0818283557891846
chr18:9626890-13209015,ENSG00000176014,chr18:12308351-12308681,0.40408697724342346,0.5205402374267578
chr19:13345145-18309700,ENSG00000037757,chr19:13774576-13774646,3.953096866607666,4.0678391456604
chr19:13345145-18309700,ENSG00000053501,chr19:17226321-17226691,3.1521072387695312,4.167994976043701
chr19:13345145-18309700,ENSG00000053501,chr19:17226871-17226991,3.1521072387695312,4.236964225769043
chr19:13345145-18309700,ENSG00000072958,chr19:16185519-16185619,4.792543888092041,5.6614251136779785
chr19:13345145-18309700,ENSG00000105135,chr19:15123579-15124919,0.3762785792350769,0.3843224048614502
chr19:13345145-18309700,ENSG00000105137,chr19:15123579-15124919,5.968939304351807,6.88682746887207
chr19:13345145-18309700,ENSG00000105647,chr19:18160960-18161050,2.067312717437744,2.970637321472168
chr19:13345145-18309700,ENSG00000105649,chr19:18193470-18193860,1.8935819864273071,2.7177062034606934
chr19:13345145-18309700,ENSG00000123136,chr19:14406558-14406698,6.239589214324951,5.184365272521973
chr19:13345145-18309700,ENSG00000123143,chr19:14440328-14441138,4.076659679412842,2.4408528804779053
chr19:13345145-18309700,ENSG00000127533,chr19:16896669-16897689,2.298161506652832,1.8724664449691772
chr19:13345145-18309700,ENSG00000130479,chr19:17719621-17720931,0.8522007465362549,0.4534071385860443
chr19:13345145-18309700,ENSG00000141854,chr19:14082008-14082468,2.2720632553100586,5.709613800048828
chr19:13345145-18309700,ENSG00000141858,chr19:14082008-14082468,2.316913366317749,4.2428436279296875
chr19:13345145-18309700,ENSG00000160113,chr19:17226321-17226691,6.138409614562988,8.048933029174805
chr19:13345145-18309700,ENSG00000160113,chr19:17226871-17226991,6.138409614562988,7.781949520111084
chr19:13345145-18309700,ENSG00000188032,chr19:14082008-14082468,3.5311858654022217,2.2082152366638184
chr19:13345145-18309700,ENSG00000216490,chr19:18160960-18161050,3.271838426589966,6.985706329345703
chr19:302470-2308322,ENSG00000064666,chr19:1040201-1041221,4.902588367462158,4.951197147369385
chr19:302470-2308322,ENSG00000064687,chr19:1040201-1041221,0.38421180844306946,0.4257200360298157
chr19:302470-2308322,ENSG00000099622,chr19:1250531-1251561,5.991250514984131,5.412844181060791
chr19:302470-2308322,ENSG00000099622,chr19:1251651-1251831,5.792400360107422,4.304778575897217
chr19:302470-2308322,ENSG00000099622,chr19:1269411-1269821,5.088803768157959,6.335258960723877
chr19:302470-2308322,ENSG00000099622,chr19:1275831-1277181,5.577739238739014,4.926580905914307
chr19:302470-2308322,ENSG00000099624,chr19:1251651-1251831,3.2492218017578125,1.8389652967453003
chr19:302470-2308322,ENSG00000099625,chr19:1251651-1251831,3.787121295928955,2.3612029552459717
chr19:302470-2308322,ENSG00000099817,chr19:1104931-1105181,4.98054313659668,4.462668418884277
chr19:302470-2308322,ENSG00000099875,chr19:2042521-2042601,1.489305019378662,3.570620059967041
chr19:302470-2308322,ENSG00000115266,chr19:1438891-1440011,4.133174896240234,2.346904754638672
chr19:302470-2308322,ENSG00000115268,chr19:1438891-1440011,1.7711663246154785,0.30194395780563354
chr19:302470-2308322,ENSG00000133243,chr19:2042521-2042601,5.1375017166137695,3.073190927505493
chr19:302470-2308322,ENSG00000133243,chr19:2050951-2051091,4.972909450531006,5.257556915283203
chr19:302470-2308322,ENSG00000167468,chr19:1094081-1095251,4.729910373687744,4.07909631729126
chr19:302470-2308322,ENSG00000167468,chr19:1104931-1105181,1.210756778717041,0.44114017486572266
chr19:302470-2308322,ENSG00000167470,chr19:1250531-1251561,4.176297187805176,4.630272388458252
chr19:302470-2308322,ENSG00000167470,chr19:1251651-1251831,3.0837297439575195,2.2241809368133545
chr19:302470-2308322,ENSG00000182087,chr19:1040201-1041221,5.9175262451171875,5.841477870941162
chr19:302470-2308322,ENSG00000228300,chr19:1269411-1269821,3.3327651023864746,5.985265731811523
chr19:302470-2308322,ENSG00000228300,chr19:1275831-1277181,1.4901574850082397,1.441209077835083
chr19:38625811-40637538,ENSG00000090924,chr19:39414680-39414990,1.582705020904541,1.510206937789917
chr19:38625811-40637538,ENSG00000105197,chr19:39480960-39481880,0.7858069539070129,0.750842273235321
chr19:38625811-40637538,ENSG00000128016,chr19:39414680-39414990,5.082064628601074,4.939709663391113
chr19:38625811-40637538,ENSG00000161243,chr19:39031320-39031860,0.8782402276992798,0.3791177272796631
chr19:38625811-40637538,ENSG00000187187,chr19:39997153-39997853,3.5482006072998047,3.592559576034546
chr19:40941826-42944794,ENSG00000076928,chr19:41888099-41888189,4.319843769073486,1.7322860956192017
chr19:40941826-42944794,ENSG00000079432,chr19:42284768-42286768,6.98602294921875,7.9628376960754395
chr19:40941826-42944794,ENSG00000079462,chr19:42284768-42286768,5.2752909660339355,5.950343132019043
chr19:40941826-42944794,ENSG00000105369,chr19:41888099-41888189,3.282496690750122,4.073011875152588
chr19:40941826-42944794,ENSG00000105404,chr19:41958388-41958728,0.6111342310905457,0.28809696435928345
chr19:40941826-42944794,ENSG00000188368,chr19:42284768-42286768,5.1228532791137695,5.856851577758789
chr19:45115751-47125286,ENSG00000010310,chr19:45668302-45669472,0.5817995667457581,0.4738175570964813
chr19:45115751-47125286,ENSG00000104936,chr19:45791092-45792312,3.5749926567077637,4.6034836769104
chr19:45115751-47125286,ENSG00000125741,chr19:45615892-45616452,5.039842128753662,4.599322319030762
chr19:45115751-47125286,ENSG00000170604,chr19:45901822-45902562,4.797062873840332,4.1910481452941895
chr19:45115751-47125286,ENSG00000176182,chr19:45901822-45902562,0.28480181097984314,0.26389357447624207
chr19:45115751-47125286,ENSG00000177464,chr19:45615892-45616452,5.039842128753662,4.599322319030762
chr19:45115751-47125286,ENSG00000185800,chr19:45791092-45792312,0.8978186845779419,0.5674156546592712
chr19:51813057-58617616,ENSG00000063244,chr19:55648274-55648994,1.3935601711273193,3.8384945392608643
chr19:51813057-58617616,ENSG00000083807,chr19:58499223-58499483,3.8137011528015137,0.027704400941729546
chr19:51813057-58617616,ENSG00000125505,chr19:54201282-54201482,5.565347194671631,3.807202100753784
chr19:51813057-58617616,ENSG00000170892,chr19:54201282-54201482,5.565347194671631,3.807202100753784
chr19:51813057-58617616,ENSG00000171425,chr19:55648274-55648994,4.931468963623047,3.2554891109466553
chr19:51813057-58617616,ENSG00000173581,chr19:55648274-55648994,3.1170098781585693,3.5698089599609375
chr19:51813057-58617616,ENSG00000213015,chr19:55648274-55648994,4.931468963623047,3.500579595565796
chr19:5387006-7388506,ENSG00000125650,chr19:6361769-6361859,5.564962863922119,3.7178804874420166
chr19:5387006-7388506,ENSG00000125650,chr19:6361939-6362439,5.250767707824707,3.7178804874420166
chr19:5387006-7388506,ENSG00000125650,chr19:6373029-6374199,2.040118455886841,1.3310376405715942
chr19:5387006-7388506,ENSG00000125652,chr19:6361769-6361859,3.5488710403442383,2.4523279666900635
chr19:5387006-7388506,ENSG00000125652,chr19:6361939-6362439,3.199550151824951,2.4523279666900635
chr19:5387006-7388506,ENSG00000125656,chr19:6361939-6362439,0.3587172031402588,0.25213584303855896
chr19:5387006-7388506,ENSG00000125656,chr19:6373029-6374199,3.8196136951446533,2.700197219848633
chr19:8012845-10122307,ENSG00000127445,chr19:9818614-9818724,7.503122329711914,7.664278984069824
chr19:8012845-10122307,ENSG00000127452,chr19:9818614-9818724,4.2286152839660645,4.536978244781494
chr1:108644134-111489899,ENSG00000162650,chr1:109494288-109494518,0.9571950435638428,2.61690616607666
chr1:108644134-111489899,ENSG00000162777,chr1:111192318-111194568,5.090401649475098,3.148822069168091
chr1:108644134-111489899,ENSG00000168765,chr1:109656428-109656708,0.47870367765426636,0.30224156379699707
chr1:108644134-111489899,ENSG00000181754,chr1:109494288-109494518,5.403982639312744,5.500600814819336
chr1:108644134-111489899,ENSG00000197780,chr1:109090878-109092888,4.721193790435791,4.266697406768799
chr1:108644134-111489899,ENSG00000213366,chr1:109656428-109656708,4.973201751708984,3.5772130489349365
chr1:108644134-111489899,ENSG00000215717,chr1:109090878-109092888,0.5821664333343506,0.23467399179935455
chr1:116104-4081494,ENSG00000157873,chr1:2556731-2556971,1.4251511096954346,0.10608509927988052
chr1:116104-4081494,ENSG00000162576,chr1:1374450-1374700,5.463876247406006,6.230693340301514
chr1:116104-4081494,ENSG00000162576,chr1:1374790-1374990,4.039274215698242,6.230693340301514
chr1:116104-4081494,ENSG00000162585,chr1:2194131-2194681,5.452381134033203,5.536067008972168
chr1:116104-4081494,ENSG00000175756,chr1:1374450-1374700,2.327653169631958,2.4389095306396484
chr1:116104-4081494,ENSG00000187608,chr1:1013580-1013980,1.7249171733856201,1.670355200767517
chr1:116104-4081494,ENSG00000187642,chr1:966620-966700,6.918900012969971,7.4191460609436035
chr1:116104-4081494,ENSG00000187961,chr1:966620-966700,3.0256073474884033,3.1548261642456055
chr1:116104-4081494,ENSG00000188157,chr1:1013580-1013980,1.4015239477157593,2.7167510986328125
chr1:116104-4081494,ENSG00000188290,chr1:1013580-1013980,0.7173690795898438,2.0670089721679688
chr1:116104-4081494,ENSG00000188976,chr1:966620-966700,3.2733044624328613,3.632211685180664
chr1:116104-4081494,ENSG00000189409,chr1:1616100-1616500,4.571372985839844,3.2401533126831055
chr1:116104-4081494,ENSG00000197530,chr1:1616100-1616500,0.25581565499305725,0.20899933576583862
chr1:116104-4081494,ENSG00000221978,chr1:1405890-1406900,3.672074794769287,2.6569769382476807
chr1:116104-4081494,ENSG00000221978,chr1:1407020-1407130,4.121002674102783,3.2198853492736816
chr1:116104-4081494,ENSG00000228594,chr1:1616100-1616500,3.9945061206817627,3.300884962081909
chr1:116104-4081494,ENSG00000235098,chr1:1405890-1406900,5.697867393493652,6.404234409332275
chr1:116104-4081494,ENSG00000235098,chr1:1407020-1407130,5.389734268188477,6.002724647521973
chr1:116104-4081494,ENSG00000242485,chr1:1405890-1406900,0.5002303123474121,0.6234672665596008
chr1:146145808-151891713,ENSG00000143393,chr1:151326374-151327264,0.44472235441207886,0.4461185932159424
chr1:146145808-151891713,ENSG00000159164,chr1:149899677-149900007,6.096818447113037,6.374422073364258
chr1:146145808-151891713,ENSG00000163131,chr1:150764764-150765694,0.3316102921962738,0.2827571928501129
chr1:146145808-151891713,ENSG00000178096,chr1:149899677-149900007,4.313042163848877,4.352268218994141
chr1:146145808-151891713,ENSG00000184678,chr1:149899677-149900007,4.31294059753418,4.351966381072998
chr1:152071370-154072772,ENSG00000143553,chr1:153670234-153670914,5.889188289642334,5.131794452667236
chr1:152071370-154072772,ENSG00000143554,chr1:153776164-153776514,0.9457215070724487,0.9381635785102844
chr1:152071370-154072772,ENSG00000160741,chr1:153944394-153946294,4.087959289550781,5.782067775726318
chr1:152071370-154072772,ENSG00000169418,chr1:153670234-153670914,2.3960015773773193,3.1913368701934814
chr1:152071370-154072772,ENSG00000198837,chr1:153944394-153946294,2.062537670135498,1.361839771270752
chr1:156203724-160049427,ENSG00000117036,chr1:157136368-157138308,0.440959095954895,0.43358880281448364
chr1:156203724-160049427,ENSG00000163565,chr1:159014950-159015870,5.67538595199585,4.963428020477295
chr1:182084893-184340819,ENSG00000143333,chr1:182603345-182604215,0.16680201888084412,0.6394367218017578
chr1:191993387-194007435,ENSG00000116741,chr1:192809180-192810160,0.1637302190065384,0.18034905195236206
chr1:211950475-213955422,ENSG00000065600,chr1:212414078-212414718,0.3174770772457123,0.32015809416770935
chr1:211950475-213955422,ENSG00000117691,chr1:212414078-212414718,5.8556013107299805,5.907489776611328
chr1:211950475-213955422,ENSG00000143494,chr1:212950738-212951338,0.5250912308692932,0.27427396178245544
chr1:246172961-248956422,ENSG00000162714,chr1:247330078-247331428,0.21423739194869995,0.2187901884317398
chr1:26647143-29221619,ENSG00000090273,chr1:26889129-26889679,3.9390134811401367,4.163436412811279
chr1:26647143-29221619,ENSG00000142733,chr1:27364909-27366249,2.027482509613037,4.228512287139893
chr1:26647143-29221619,ENSG00000142751,chr1:26889129-26889679,2.2969253063201904,0.3184947073459625
chr1:26647143-29221619,ENSG00000180198,chr1:28506328-28508118,0.661217451095581,0.3506876826286316
chr1:26647143-29221619,ENSG00000180198,chr1:28508158-28508828,0.9945440888404846,0.7010048627853394
chr1:26647143-29221619,ENSG00000180198,chr1:28510888-28513228,2.289782762527466,2.0346243381500244
chr1:26647143-29221619,ENSG00000198492,chr1:28737148-28737648,0.44341984391212463,1.3345288038253784
chr1:26647143-29221619,ENSG00000198492,chr1:28737678-28738258,0.8914214968681335,1.6634833812713623
chr1:26647143-29221619,ENSG00000198746,chr1:26889129-26889679,3.9390134811401367,4.163436412811279
chr1:39500865-41505297,ENSG00000049089,chr1:40315668-40317118,1.8642780780792236,1.5292809009552002
chr1:46964437-48966163,ENSG00000123473,chr1:47313158-47314028,0.41174185276031494,0.8203291296958923
chr1:91113149-93115474,ENSG00000162676,chr1:92483043-92483363,1.003386378288269,0.817918598651886
chr20:32119950-35027506,ENSG00000101464,chr20:34704516-34705356,1.3838578462600708,1.570603847503662
chr20:44268402-47940158,ENSG00000080189,chr20:46350521-46350751,5.549661636352539,5.624384880065918
chr20:44268402-47940158,ENSG00000080189,chr20:46350891-46352041,5.238455295562744,5.292957305908203
chr20:44268402-47940158,ENSG00000101040,chr20:47347926-47349856,2.5814483165740967,2.7529232501983643
chr20:44268402-47940158,ENSG00000124155,chr20:45419400-45419470,1.0502346754074097,1.074502944946289
chr20:44268402-47940158,ENSG00000124155,chr20:45419590-45420130,1.0502346754074097,1.074502944946289
chr20:44268402-47940158,ENSG00000124251,chr20:45419400-45419470,4.4990434646606445,4.677814483642578
chr20:44268402-47940158,ENSG00000124251,chr20:45419590-45420130,4.4990434646606445,4.677814483642578
chr20:44268402-47940158,ENSG00000244274,chr20:45419400-45419470,4.769967555999756,4.983392715454102
chr20:44268402-47940158,ENSG00000244274,chr20:45419590-45420130,4.769967555999756,4.983392715454102
chr20:571923-2611707,ENSG00000125834,chr20:2102174-2102764,1.4346691370010376,0.41898903250694275
chr20:60505339-62635796,ENSG00000130702,chr20:62387134-62387314,7.876145839691162,3.302455186843872
chr20:60505339-62635796,ENSG00000149679,chr20:62387384-62387604,2.4870765209198,2.6366214752197266
chr22:21321238-26530765,ENSG00000099956,chr22:23767593-23767833,5.5423903465271,5.732679843902588
chr22:21321238-26530765,ENSG00000128218,chr22:23767593-23767833,3.2455050945281982,3.300943374633789
chr22:21321238-26530765,ENSG00000133460,chr22:23838773-23838893,3.2081942558288574,4.651402473449707
chr22:21321238-26530765,ENSG00000169314,chr22:23767593-23767833,0.7696176767349243,1.0176883935928345
chr22:37891913-40049492,ENSG00000100221,chr22:38682095-38682315,1.6492024660110474,7.914820671081543
chr22:37891913-40049492,ENSG00000100335,chr22:39502435-39504195,4.788588523864746,3.8156540393829346
chr22:37891913-40049492,ENSG00000128272,chr22:39502435-39504195,1.74454927444458,5.908594131469727
chr22:37891913-40049492,ENSG00000243811,chr22:39014375-39015585,2.8505468368530273,1.9699041843414307
chr2:128485549-132534309,ENSG00000072135,chr2:130371287-130372247,6.402751922607422,7.646639823913574
chr2:68712980-70717139,ENSG00000059728,chr2:69894018-69895088,0.9299821257591248,1.0350600481033325
chr2:68712980-70717139,ENSG00000124380,chr2:69894018-69895088,0.32639893889427185,0.335321307182312
chr2:68712980-70717139,ENSG00000196975,chr2:69643278-69643568,3.4405651092529297,0.2699619233608246
chr2:72598547-74678835,ENSG00000005448,chr2:74439973-74440343,6.197579383850098,5.457148551940918
chr2:72598547-74678835,ENSG00000114993,chr2:74439973-74440343,0.8448646664619446,0.688591480255127
chr2:72598547-74678835,ENSG00000115274,chr2:74439973-74440343,5.412902355194092,4.486120223999023
chr2:72598547-74678835,ENSG00000115274,chr2:74472253-74472353,1.7649552822113037,6.1661696434021
chr2:72598547-74678835,ENSG00000115274,chr2:74472473-74472563,1.7649552822113037,6.1661696434021
chr2:72598547-74678835,ENSG00000115275,chr2:74472253-74472353,4.3964338302612305,2.4555556774139404
chr2:72598547-74678835,ENSG00000115275,chr2:74472473-74472563,4.3964338302612305,2.4555556774139404
chr2:72598547-74678835,ENSG00000115282,chr2:74472253-74472353,2.534619092941284,4.146097660064697
chr2:72598547-74678835,ENSG00000115282,chr2:74472473-74472563,2.534619092941284,4.146097660064697
chr2:72598547-74678835,ENSG00000135637,chr2:74472253-74472353,2.534619092941284,3.150752544403076
chr2:72598547-74678835,ENSG00000135637,chr2:74472473-74472563,2.534619092941284,3.150752544403076
chr2:72598547-74678835,ENSG00000159239,chr2:74439973-74440343,6.197579383850098,5.457148551940918
chr2:72598547-74678835,ENSG00000239779,chr2:74439973-74440343,7.160045623779297,5.555976390838623
chr2:72598547-74678835,ENSG00000239779,chr2:74472253-74472353,3.5098681449890137,4.862916469573975
chr2:72598547-74678835,ENSG00000239779,chr2:74472473-74472563,3.5098681449890137,4.862916469573975
chr2:84713816-86718299,ENSG00000034510,chr2:84906116-84906386,0.6058881282806396,0.4835177958011627
chr2:84713816-86718299,ENSG00000168883,chr2:85595847-85596517,2.133629560470581,2.5196213722229004
chr2:84713816-86718299,ENSG00000168887,chr2:85595847-85596517,4.7563796043396,5.117082118988037
chr2:84713816-86718299,ENSG00000168890,chr2:85595847-85596517,2.4931247234344482,2.5196213722229004
chr2:84713816-86718299,ENSG00000168894,chr2:85595847-85596517,0.3091358542442322,0.30233290791511536
chr2:84713816-86718299,ENSG00000168899,chr2:85595847-85596517,3.8588500022888184,3.8396193981170654
chr2:94666300-96671148,ENSG00000144028,chr2:96304872-96305392,6.5848002433776855,4.120551586151123
chr3:11599198-15770209,ENSG00000131370,chr3:15330563-15332263,4.456310749053955,4.5996785163879395
chr3:127434292-130363324,ENSG00000058262,chr3:128052557-128052827,0.5837805271148682,0.3573813736438751
chr3:127434292-130363324,ENSG00000181789,chr3:129249747-129250677,0.3717791736125946,0.41438499093055725
chr3:137116491-141063426,ENSG00000114098,chr3:138187598-138188398,0.21770386397838593,0.2095572054386139
chr3:137116491-141063426,ENSG00000138231,chr3:138187598-138188398,3.6155624389648438,3.101020574569702
chr3:148550407-150552592,ENSG00000082996,chr3:149813353-149813923,0.4217338562011719,0.39450809359550476
chr3:178935629-180937649,ENSG00000121864,chr3:179323842-179325032,0.14050312340259552,2.5672976970672607
chr4:120360387-122368170,ENSG00000164111,chr4:121696615-121696855,1.6811738014221191,0.29033300280570984
chr5:114912759-116913647,ENSG00000145780,chr5:115543683-115544513,0.6992197632789612,0.2101525366306305
chr5:136515422-138521405,ENSG00000120709,chr5:138331221-138331591,0.25937414169311523,0.382635235786438
chr5:136515422-138521405,ENSG00000158402,chr5:138331221-138331591,2.4522974491119385,2.911062002182007
chr5:139713299-141724636,ENSG00000112855,chr5:140700475-140700815,3.376929998397827,3.5330634117126465
chr5:139713299-141724636,ENSG00000146007,chr5:140700475-140700815,0.6836100816726685,0.8167405724525452
chr5:139713299-141724636,ENSG00000170445,chr5:140700475-140700815,3.376929998397827,3.2570126056671143
chr5:162457017-164460134,ENSG00000113328,chr5:163437804-163439254,0.062452200800180435,0.14773105084896088
chr5:174919132-179964898,ENSG00000145911,chr5:178131059-178131229,7.5112528800964355,6.291327953338623
chr5:174919132-179964898,ENSG00000146094,chr5:177496519-177497519,1.8053251504898071,5.2515764236450195
chr5:174919132-179964898,ENSG00000146094,chr5:177516839-177516909,1.5050963163375854,2.9028329849243164
chr5:174919132-179964898,ENSG00000169220,chr5:177351289-177351449,3.269044876098633,3.4367990493774414
chr5:174919132-179964898,ENSG00000183258,chr5:177496519-177497519,2.59516978263855,7.534050941467285
chr5:174919132-179964898,ENSG00000196923,chr5:177516839-177516909,2.3488574028015137,7.534050941467285
chr5:174919132-179964898,ENSG00000197451,chr5:178205049-178205839,0.5984061360359192,0.33742114901542664
chr5:174919132-179964898,ENSG00000197451,chr5:178206009-178206729,1.2560728788375854,0.6511650681495667
chr5:174919132-179964898,ENSG00000244234,chr5:178205049-178205839,7.853297710418701,5.505456924438477
chr5:174919132-179964898,ENSG00000244234,chr5:178206009-178206729,8.139364242553711,5.745598793029785
chr6:124861455-126867504,ENSG00000111906,chr6:125300664-125301844,0.3457286059856415,0.3459652066230774
chr6:137662793-139667717,ENSG00000051620,chr6:138404603-138405143,2.1797807216644287,1.6319055557250977
chr6:28173941-34087086,ENSG00000137312,chr6:30742203-30742523,1.5467934608459473,0.7920563220977783
chr6:28173941-34087086,ENSG00000137331,chr6:30742203-30742523,2.7717909812927246,1.6494635343551636
chr6:28173941-34087086,ENSG00000137411,chr6:30908403-30909033,2.1141357421875,2.2756664752960205
chr6:28173941-34087086,ENSG00000137411,chr6:30915043-30915153,0.5240436792373657,1.4540332555770874
chr6:28173941-34087086,ENSG00000168394,chr6:32838243-32838643,2.202780246734619,0.7880406379699707
chr6:28173941-34087086,ENSG00000168477,chr6:32127753-32128113,4.791601181030273,5.933577060699463
chr6:28173941-34087086,ENSG00000204209,chr6:33313483-33313693,3.690237045288086,3.7258388996124268
chr6:28173941-34087086,ENSG00000204209,chr6:33313863-33314003,2.9681100845336914,3.7258388996124268
chr6:28173941-34087086,ENSG00000204256,chr6:32973133-32974453,3.0864102840423584,3.739112615585327
chr6:28173941-34087086,ENSG00000204257,chr6:32973133-32974453,3.8298568725585938,3.739112615585327
chr6:28173941-34087086,ENSG00000204264,chr6:32838243-32838643,3.845890522003174,5.174889087677002
chr6:28173941-34087086,ENSG00000204267,chr6:32838243-32838643,0.4135495722293854,1.5211760997772217
chr6:28173941-34087086,ENSG00000204315,chr6:32127753-32128113,1.0797280073165894,1.1110763549804688
chr6:28173941-34087086,ENSG00000204394,chr6:31776793-31777103,3.458652973175049,3.3927130699157715
chr6:28173941-34087086,ENSG00000204592,chr6:30489593-30489723,1.6264729499816895,0.5037541389465332
chr6:28173941-34087086,ENSG00000204599,chr6:30345233-30345293,5.173248291015625,5.02906608581543
chr6:28173941-34087086,ENSG00000204599,chr6:30345403-30345463,5.173248291015625,5.02906608581543
chr6:28173941-34087086,ENSG00000206503,chr6:29942623-29942753,0.5798566341400146,0.6181937456130981
chr6:28173941-34087086,ENSG00000213780,chr6:30908403-30909033,0.6398554444313049,0.4420728385448456
chr6:28173941-34087086,ENSG00000213780,chr6:30914473-30914803,2.7362918853759766,2.830522060394287
chr6:28173941-34087086,ENSG00000213780,chr6:30915043-30915153,2.791233777999878,2.830522060394287
chr6:28173941-34087086,ENSG00000228727,chr6:31776793-31777103,5.109884262084961,5.034414768218994
chr6:28173941-34087086,ENSG00000236104,chr6:33313483-33313693,4.646270275115967,1.8428654670715332
chr6:28173941-34087086,ENSG00000236104,chr6:33313863-33314003,4.092545986175537,1.8428654670715332
chr6:28173941-34087086,ENSG00000237441,chr6:33313483-33313693,4.577273845672607,6.608969211578369
chr6:28173941-34087086,ENSG00000237441,chr6:33313863-33314003,4.0349321365356445,6.608969211578369
chr6:28173941-34087086,ENSG00000240065,chr6:32838243-32838643,3.151884078979492,4.650297164916992
chr6:28173941-34087086,ENSG00000241106,chr6:32838243-32838643,6.164529800415039,3.593832492828369
chr6:28173941-34087086,ENSG00000250264,chr6:32838243-32838643,0.4135495722293854,1.5211760997772217
chr6:41925719-43929072,ENSG00000112651,chr6:43052802-43053612,2.836285352706909,1.2577890157699585
chr6:41925719-43929072,ENSG00000112658,chr6:43172452-43173842,1.2157764434814453,0.9552597999572754
chr6:41925719-43929072,ENSG00000112659,chr6:43172452-43173842,3.975512981414795,3.991246223449707
chr6:41925719-43929072,ENSG00000124688,chr6:43635923-43636373,2.881229877471924,2.5822455883026123
chr6:41925719-43929072,ENSG00000137171,chr6:43052802-43053612,5.467618942260742,2.695732831954956
chr6:41925719-43929072,ENSG00000172426,chr6:43635923-43636373,3.49125337600708,3.4834249019622803
chr6:41925719-43929072,ENSG00000172432,chr6:43635923-43636373,2.881229877471924,2.9926180839538574
chr7:146164847-151185214,ENSG00000164897,chr7:151079923-151080683,2.021742343902588,0.9148442149162292
chr7:151898951-156623040,ENSG00000186480,chr7:155297960-155298250,0.24130813777446747,0.27577584981918335
chr7:22998520-25000831,ENSG00000136231,chr7:23468541-23469931,0.35231533646583557,0.7978531718254089
chr7:43500619-45511026,ENSG00000136271,chr7:44573741-44573831,0.7407135963439941,1.6018866300582886
chr7:43500619-45511026,ENSG00000136271,chr7:44581571-44581721,3.435182571411133,3.8383779525756836
chr7:43500619-45511026,ENSG00000158604,chr7:44573741-44573831,3.800257682800293,4.02445650100708
chr7:43500619-45511026,ENSG00000158604,chr7:44581571-44581721,0.847907543182373,0.8372631072998047
chr7:98863466-100866148,ENSG00000106327,chr7:100626907-100627257,5.354136943817139,4.109398365020752
chr7:98863466-100866148,ENSG00000106330,chr7:100626907-100627257,4.932240962982178,5.999094009399414
chr7:98863466-100866148,ENSG00000146826,chr7:100148977-100149497,4.876138210296631,3.4426586627960205
chr7:98863466-100866148,ENSG00000146830,chr7:100706307-100706817,3.8950023651123047,2.8494255542755127
chr7:98863466-100866148,ENSG00000166508,chr7:100089417-100089607,5.409097671508789,4.15508508682251
chr7:98863466-100866148,ENSG00000166526,chr7:100089417-100089607,3.0409324169158936,2.604444980621338
chr7:98863466-100866148,ENSG00000166924,chr7:100478307-100478787,1.924046516418457,1.7232288122177124
chr7:98863466-100866148,ENSG00000166997,chr7:100127067-100127367,3.9900054931640625,2.9899327754974365
chr7:98863466-100866148,ENSG00000197093,chr7:100148977-100149497,7.295534610748291,5.7388458251953125
chr7:98863466-100866148,ENSG00000221838,chr7:100089417-100089607,5.409097671508789,4.15508508682251
chr8:141097277-145138636,ENSG00000104518,chr8:143568720-143569440,5.884347438812256,4.0927734375
chr8:141097277-145138636,ENSG00000104522,chr8:143608130-143609450,1.6534236669540405,2.601884126663208
chr8:141097277-145138636,ENSG00000104524,chr8:143608130-143609450,0.19651275873184204,0.2489130049943924
chr8:141097277-145138636,ENSG00000104524,chr8:143616720-143617470,1.4586950540542603,2.0899481773376465
chr8:141097277-145138636,ENSG00000104529,chr8:143608130-143609450,1.897782564163208,2.002764940261841
chr8:141097277-145138636,ENSG00000104529,chr8:143616720-143617470,3.5263149738311768,4.291811943054199
chr8:141097277-145138636,ENSG00000147813,chr8:143568720-143569440,2.0020482540130615,2.310563564300537
chr8:141097277-145138636,ENSG00000178896,chr8:144095227-144095827,0.9332372546195984,1.986263394355774
chr8:141097277-145138636,ENSG00000179526,chr8:144095227-144095827,2.9963724613189697,6.614819526672363
chr8:141097277-145138636,ENSG00000179632,chr8:144095227-144095827,2.1066038608551025,5.138219833374023
chr8:141097277-145138636,ENSG00000179698,chr8:144095227-144095827,2.313079595565796,6.306220531463623
chr8:141097277-145138636,ENSG00000179886,chr8:143608130-143609450,2.3446598052978516,2.428370714187622
chr8:141097277-145138636,ENSG00000179886,chr8:143616720-143617470,3.9666452407836914,4.693485260009766
chr8:141097277-145138636,ENSG00000183309,chr8:143616720-143617470,3.6100521087646484,4.389536380767822
chr8:141097277-145138636,ENSG00000185730,chr8:143281000-143281480,4.171933174133301,0.27469515800476074
chr8:141097277-145138636,ENSG00000197858,chr8:144095227-144095827,3.321051836013794,1.954012155532837
chr8:141097277-145138636,ENSG00000204839,chr8:143568720-143569440,0.7534360289573669,0.7387415170669556
chr8:141097277-145138636,ENSG00000250571,chr8:143281000-143281480,6.417271614074707,0.4957914650440216
chr8:22123909-26502339,ENSG00000120889,chr8:23068417-23068747,0.4357813000679016,0.46273553371429443
chr8:34648857-41923050,ENSG00000147533,chr8:41506011-41507051,8.083721160888672,5.870731353759766
chr9:132231282-135611137,ENSG00000160325,chr9:133478418-133478958,6.344663143157959,5.343226432800293
chr9:135770640-138394717,ENSG00000238227,chr9:136117024-136118064,0.6294507384300232,1.139988660812378
chr9:135770640-138394717,ENSG00000107317,chr9:136992568-136992638,6.4987287521362305,5.254821300506592
chr9:135770640-138394717,ENSG00000107317,chr9:136992698-136992918,6.4987287521362305,5.489708423614502
chr9:135770640-138394717,ENSG00000169583,chr9:136992568-136992638,2.8665153980255127,1.5193922519683838
chr9:135770640-138394717,ENSG00000169583,chr9:136992698-136992918,2.8665153980255127,1.1457549333572388
chr9:135770640-138394717,ENSG00000212864,chr9:137241418-137241718,2.1624069213867188,3.0698318481445312
chr9:135770640-138394717,ENSG00000197191,chr9:137241418-137241718,1.0853887796401978,2.3466291427612305
chr9:135770640-138394717,ENSG00000233198,chr9:137241418-137241718,1.7324296236038208,2.5455362796783447
chr9:135770640-138394717,ENSG00000188163,chr9:137241418-137241718,4.282083511352539,2.756760597229004
chr9:135770640-138394717,ENSG00000188986,chr9:137241418-137241718,3.7882378101348877,5.835845470428467
chr9:19795198-21804874,ENSG00000171843,chr9:20620831-20621771,3.250908613204956,2.384950637817383
chr9:32605979-35410564,ENSG00000198876,chr9:34125282-34126352,0.32467731833457947,0.8157427906990051
chr9:32605979-35410564,ENSG00000137100,chr9:34611333-34611853,5.076402187347412,5.608243465423584
chr9:32605979-35410564,ENSG00000137100,chr9:34637113-34637213,5.126730918884277,6.269059658050537
chr9:32605979-35410564,ENSG00000137100,chr9:34637423-34637543,5.3861002922058105,6.626689434051514
chr9:32605979-35410564,ENSG00000205143,chr9:34611333-34611853,3.437973737716675,4.432870864868164
chr9:32605979-35410564,ENSG00000205143,chr9:34637113-34637213,3.6285696029663086,5.42900276184082
chr9:32605979-35410564,ENSG00000205143,chr9:34637423-34637543,3.834282875061035,5.940213203430176
chr9:32605979-35410564,ENSG00000147955,chr9:34637113-34637213,2.235572099685669,0.9666990637779236
chr9:32605979-35410564,ENSG00000213930,chr9:34637113-34637213,2.235572099685669,0.9666990637779236
chr9:32605979-35410564,ENSG00000137070,chr9:34637113-34637213,4.604517459869385,5.4015116691589355
chr9:32605979-35410564,ENSG00000137070,chr9:34637423-34637543,4.58010196685791,5.716221332550049
chr9:32605979-35410564,ENSG00000165280,chr9:35079243-35079433,1.5636886358261108,3.032839775085449
chr9:32605979-35410564,ENSG00000165282,chr9:35079243-35079433,0.9381403923034668,7.392024993896484
chr9:32605979-35410564,ENSG00000165282,chr9:35102193-35102683,1.3746434450149536,4.924805164337158
chr9:32605979-35410564,ENSG00000165283,chr9:35102193-35102683,1.2859379053115845,0.8108812570571899
chr9:32605979-35410564,ENSG00000005238,chr9:35102193-35102683,1.3416284322738647,5.121009349822998
chr9:36129720-39499245,ENSG00000137054,chr9:37486803-37487853,0.6202672719955444,0.018233811482787132
chr9:36129720-39499245,ENSG00000122741,chr9:37784063-37784713,4.267220973968506,0.34173381328582764
chr9:4312614-9443633,ENSG00000205808,chr9:4665270-4666210,1.3472334146499634,0.9234520196914673
chr9:4312614-9443633,ENSG00000205808,chr9:4666250-4666430,1.3472334146499634,1.2857998609542847
chr9:4312614-9443633,ENSG00000106993,chr9:4665270-4666210,4.632296085357666,5.363498687744141
chr9:4312614-9443633,ENSG00000106993,chr9:4666250-4666430,4.632296085357666,5.009537220001221
chr9:4312614-9443633,ENSG00000096968,chr9:4985630-4985930,1.2654885053634644,4.763156890869141
