,log2FoldChange,padj
ENSG00000103184,10.625669664193058,4.578403234476194e-05
ENSG00000214063,2.584313922951859,2.9165639022447433e-86
ENSG00000268006,2.9936744793351124,6.364311499472336e-11
ENSG00000186994,2.3866085164788875,4.653341166245462e-06
ENSG00000106723,2.3618941681572787,4.1317981153195255e-242
ENSG00000173065,2.0134545481523696,7.216669637511e-125
ENSG00000176593,2.2798976149283283,5.491525809757344e-33
ENSG00000181894,4.056924539439209,8.807219260275993e-51
ENSG00000151322,3.269856122151862,0.00404822166145077
ENSG00000107779,2.0416087169054995,2.3792749903124536e-134
ENSG00000196268,2.2714914859270583,5.567656137583923e-66
ENSG00000173068,5.395484085458725,5.197397237594639e-123
ENSG00000244041,3.5874747671188216,1.4447353533496223e-08
ENSG00000225914,3.4507701030606124,4.107202309174147e-08
ENSG00000147596,10.21682241151866,8.814274289650037e-45
ENSG00000068078,6.5575980601770505,7.755616109062945e-68
ENSG00000183317,4.527132543337418,3.916085624052076e-09
ENSG00000167693,8.06183814168046,1.0273850664981367e-140
ENSG00000182903,2.3985452773062543,2.262213592701982e-178
ENSG00000262160,6.741397721497867,4.314287370477621e-23
ENSG00000136014,11.176418766032011,4.475404986845408e-79
ENSG00000112902,5.113833742441273,1.9625055761946687e-88
ENSG00000104435,8.977780359710403,0.0005486721521573075
ENSG00000157110,8.819384655426955,9.1927048012508e-179
ENSG00000126458,3.0964690245550672,7.008520935154266e-21
ENSG00000266916,3.902244592662524,1.3716905037877192e-05
ENSG00000182621,4.648578569932264,5.184070714447689e-33
ENSG00000175832,5.564558290595805,0.0
ENSG00000106070,8.232556643499905,1.0369976084268082e-179
ENSG00000262583,2.0568622123648987,0.00861895839456023
ENSG00000121316,4.834974322523751,1.3765691046730025e-33
ENSG00000083307,8.186127937145026,4.3564432627875314e-68
ENSG00000138759,7.142126888285981,0.0
ENSG00000141431,4.98135921928854,1.6393933735882936e-09
ENSG00000267422,2.1227415078106384,0.024289944562355982
ENSG00000197977,5.718225211841826,9.211367996807192e-05
ENSG00000134853,2.0369412718747744,0.00018088467409634967
ENSG00000117245,6.715609538786397,3.825229281827354e-31
ENSG00000011028,4.595090974485804,9.610679520604841e-141
ENSG00000140807,3.8776400367964095,6.078859138500203e-36
ENSG00000175274,7.079882430520048,2.3564882294226772e-108
ENSG00000172247,6.586031644195561,5.709029821351017e-06
ENSG00000134042,5.205779454960122,2.3792096081494553e-06
ENSG00000269019,6.102629433391565,0.015369203601566161
ENSG00000233622,2.2238027733416192,0.006700318978378951
ENSG00000088970,2.0885253068657295,1.9248648328882545e-52
ENSG00000148426,5.572711092051404,7.903721443382646e-30
ENSG00000106624,7.2341472822532165,8.16783648462341e-115
ENSG00000262655,4.83470570521984,1.2741181560692671e-33
ENSG00000188818,4.538398725104243,4.824935187175046e-31
ENSG00000179564,3.421494614274035,0.013144016110617312
ENSG00000161653,2.7059692362187615,4.2315548130796823e-13
ENSG00000105426,5.793704296368348,0.0
ENSG00000139209,6.339006932896588,6.5639087105979776e-52
ENSG00000228956,4.534504718615724,1.0069132201128707e-07
ENSG00000105641,4.013590444655398,6.944426155484994e-09
ENSG00000173267,3.391422763752371,1.4044024451835294e-05
ENSG00000166068,5.26604205219371,6.759307631033056e-237
ENSG00000018869,2.292147660409991,2.662974079730687e-07
ENSG00000067208,2.04490148870605,3.629465925844076e-35
ENSG00000140511,4.294012155265347,1.7320318120245865e-180
ENSG00000267272,2.2719169682033864,0.0012532312088801047
ENSG00000138131,2.644319641648721,0.015638370200284572
ENSG00000267454,4.332717986324463,4.716194379186088e-07
ENSG00000167291,9.244448108614126,1.8288656857313632e-262
ENSG00000178386,4.374713526687923,0.002619045186132501
ENSG00000150672,4.8538113026804846,1.253470281713728e-48
ENSG00000234690,2.4074681193272465,0.0008956541881114725
ENSG00000132386,3.2853235947353614,1.090387266859207e-55
ENSG00000127946,3.5593497706088972,0.0
ENSG00000170425,3.018593529803323,5.841362468165481e-08
ENSG00000259240,4.423134678000576,0.04964677482425169
ENSG00000111319,7.637166616753512,2.0985087981999534e-150
ENSG00000119655,2.0658078233569768,3.772242239115394e-68
ENSG00000204815,2.295365161979479,0.0012111272850843814
ENSG00000105464,4.597898281344263,2.987899118549314e-85
ENSG00000124098,4.533122895346075,7.26508402157365e-64
ENSG00000187323,6.774100640802655,3.006556835406797e-06
ENSG00000111087,4.91843197362238,8.25066493355632e-82
ENSG00000135069,2.476551077168658,0.0
ENSG00000164764,2.3176152298674713,0.025403359706397517
ENSG00000130702,6.0938649951998505,0.0
ENSG00000273106,4.433499455965238,0.049343885819775134
ENSG00000182218,8.39819197950457,5.231610348541612e-09
ENSG00000149782,3.0227157593376273,2.9773145283493587e-245
ENSG00000048052,3.220366672681214,1.8427015247012334e-36
ENSG00000137266,3.3515665025332075,1.2901790202713819e-189
ENSG00000231793,2.402038495111273,2.379177613048528e-07
ENSG00000151208,3.219898231511036,0.0
ENSG00000142178,3.5679827536237037,0.0003826524424619651
ENSG00000184635,5.776411840413462,4.7559322599527915e-160
ENSG00000136425,2.298871434692776,8.805458752639848e-54
ENSG00000074657,6.940093926950783,0.0
ENSG00000149948,7.404338176474054,0.0
ENSG00000128011,2.488316049082311,3.468300010336445e-20
ENSG00000160097,4.00541017169416,0.0004887155708549345
ENSG00000255234,2.970883578351648,4.93239511777567e-05
ENSG00000068976,4.434807778874443,1.0226970186408512e-39
ENSG00000175513,7.5175475189403915,0.003547152227617258
ENSG00000172819,2.7735581502513207,6.298164319940463e-115
ENSG00000248995,6.617476879128758,0.00934901624694064
ENSG00000157227,5.537777624763336,1.3611614102496844e-289
ENSG00000189292,6.792847652297095,1.1589467851249504e-10
ENSG00000261210,2.1749397114392903,0.04684913378291454
ENSG00000089723,2.0790870768007075,4.120573844678092e-11
ENSG00000142675,3.0473694175102137,5.922886017324495e-30
ENSG00000168959,5.915114773251598,0.017936836234448063
ENSG00000118898,7.171600008507845,2.6196856147329686e-140
ENSG00000110841,2.7982397728558053,4.95966254703237e-89
ENSG00000197013,2.9178016083349485,2.055830922570987e-31
ENSG00000124145,4.1992726495274155,2.3712719480812168e-210
ENSG00000181885,6.9560813976721745,3.771646004145014e-116
ENSG00000154240,3.651822216277449,6.374518881483004e-10
ENSG00000105668,2.5000934542244204,0.019510826082716915
ENSG00000198822,3.6548853742971805,8.253011110105902e-15
ENSG00000009724,3.9740079482037465,5.7533151682462366e-05
ENSG00000152527,7.416093300305359,7.428213305469507e-18
ENSG00000183655,2.267626080971572,1.4580437991027138e-50
ENSG00000143797,3.6955297201110837,4.914978538151173e-90
ENSG00000184507,7.2486901947742375,0.004816342733136071
ENSG00000187266,2.184344846340416,1.5698702141140105e-24
ENSG00000166900,5.14208307554151,1.4800007642280942e-189
ENSG00000197056,4.320976699078166,1.9416031106049032e-152
ENSG00000158445,4.739671658167544,1.8508890489239588e-08
ENSG00000254951,7.656261989512832,0.0030203546758769627
ENSG00000078814,2.0401869590542354,0.02159210126892792
ENSG00000136378,7.123637557108186,5.413288959116688e-48
ENSG00000137486,2.915789231630089,6.640225147340352e-65
ENSG00000130584,4.304146623828403,2.4708754422001685e-121
ENSG00000241832,6.063698324445419,0.015782198645378546
ENSG00000181045,2.955988711580401,1.4270631176861735e-42
ENSG00000111261,4.682703693775351,2.3644824429557457e-23
ENSG00000245614,3.3369623008719205,1.6712136267356475e-08
ENSG00000160746,4.285884615616588,2.6406815585736202e-135
ENSG00000161544,6.886811973428617,1.9831213038440963e-06
ENSG00000259416,3.1029438495011568,0.005999055907019501
ENSG00000111052,6.74467550038305,3.121018776184052e-60
ENSG00000173281,3.099166701915978,2.3132891094514685e-138
ENSG00000232040,3.7491172506408836,4.712973840343307e-20
ENSG00000196517,3.378956809088423,7.829754000989097e-74
ENSG00000184949,3.0988400227423565,1.0430148044867405e-17
ENSG00000062038,10.44813573606273,2.8815348870524806e-91
ENSG00000020181,4.450058779492275,1.2089781329357338e-30
ENSG00000171812,5.483976425345553,1.068845058439529e-16
ENSG00000279489,3.388303820017367,0.00318182345539233
ENSG00000005108,5.096319652129449,6.17782847326119e-12
ENSG00000095539,5.192492798454232,6.430243457633051e-29
ENSG00000092200,2.3969384056739558,0.01017706211869041
ENSG00000151572,6.56322087019235,6.112653111908532e-06
ENSG00000149115,3.000270841893278,0.0
ENSG00000197077,5.129734032064124,2.256929559948743e-249
ENSG00000204611,2.956174959264476,2.2894585339209256e-120
ENSG00000226510,5.381757082262952,0.027304648478328433
ENSG00000172818,6.589154443227959,4.990205878082657e-10
ENSG00000067141,6.613635816196636,4.636499651332565e-263
ENSG00000131899,2.640436419139356,1.8263469335177776e-226
ENSG00000142627,5.7934000747504575,1.8080824797248686e-140
ENSG00000271978,3.1547998242894013,0.001967423904148339
ENSG00000185187,2.537070157999432,6.949545362236367e-55
ENSG00000279207,3.074823478736638,9.901522068737296e-52
ENSG00000078295,10.145993415635317,5.539166865592055e-86
ENSG00000141756,5.337552992575202,0.0
ENSG00000250421,5.878870758654491,0.01860383085042434
ENSG00000133980,10.293914578461202,8.852829357551962e-110
ENSG00000112293,2.0758994888287687,6.657527841356432e-11
ENSG00000151150,7.154080318495014,2.584490238711836e-169
ENSG00000111728,5.5000970852406965,1.7775267578724497e-09
ENSG00000279619,5.748636564716522,8.778346392011446e-05
ENSG00000176490,6.249265367225757,8.076411931568589e-77
ENSG00000039068,2.391980651366213,3.497568329068546e-189
ENSG00000104313,4.999250799748527,9.917849193141977e-08
ENSG00000070371,6.228248990354298,3.5553368366841255e-69
ENSG00000073670,3.921266785115281,4.054809894225793e-17
ENSG00000139194,2.6589922618572164,0.00813102774478123
ENSG00000188487,4.925921330668563,0.03719795702760448
ENSG00000172987,6.268119236287779,0.013098702779743484
ENSG00000091622,2.0721997717974276,8.439660814587164e-10
ENSG00000204366,2.965880981896689,3.3626340166331377e-81
ENSG00000198722,7.808896646553833,1.0104470947413476e-187
ENSG00000124171,2.850202272645595,6.195009882787728e-120
ENSG00000235217,3.6198791717171983,1.841004664481234e-36
ENSG00000138760,2.0548969422522694,2.847683225551836e-84
ENSG00000196411,6.926914241238824,0.0
ENSG00000272267,2.4300581381645534,9.20357927888518e-05
ENSG00000100344,9.39341335945136,5.415256133253851e-20
ENSG00000087076,2.69334057437104,1.196553325329479e-12
ENSG00000149926,6.080595012801976,4.326135767093876e-16
ENSG00000052344,8.476161241588422,2.1134816213931986e-73
ENSG00000139946,8.247076123130507,1.687772475792869e-62
ENSG00000253636,5.749356288543907,5.223228114450499e-106
ENSG00000003987,10.95704183377494,2.6245737705241502e-05
ENSG00000174516,2.4672207364467202,4.552364370913731e-17
ENSG00000228010,3.081525777583781,0.002403706681068487
ENSG00000162174,2.2383718785627886,1.345771605755905e-27
ENSG00000183032,4.992442376450306,9.299861082313065e-19
ENSG00000095066,3.0333352041973,1.4122992336111993e-107
ENSG00000115380,5.314306690634374,2.75813293553133e-37
ENSG00000081377,2.6144464166120325,1.1778228622274212e-154
ENSG00000164626,3.0771917928629273,8.803982762950764e-171
ENSG00000114739,5.159395969540535,0.0
ENSG00000227051,8.618700359592735,2.0954002817086796e-83
ENSG00000160469,6.728608863268999,3.732141816437226e-68
ENSG00000213949,4.769012106420183,3.274978763735892e-50
ENSG00000124813,2.298591545507605,8.777097079038453e-06
ENSG00000174939,6.811451326779189,1.1963325112495876e-23
ENSG00000177679,6.453010604516572,3.37601231768737e-43
ENSG00000280152,2.7822433520240306,5.817430619255634e-17
ENSG00000132359,5.240806578907176,0.0
ENSG00000071575,2.5149676059215844,4.118521328443335e-148
ENSG00000198933,3.3204394093525664,6.630071501001312e-60
ENSG00000196361,4.23586109008169,1.5985227644005534e-05
ENSG00000185046,7.019220732686847,2.41206099629454e-11
ENSG00000259005,3.8158371604690844,0.007261710962315784
ENSG00000225761,2.5768881055324933,0.005344370271790946
ENSG00000168754,2.551488932645263,0.034471649343248756
ENSG00000233723,5.661323026649918,0.0001063040735799379
ENSG00000105655,2.1183580862887,8.71790107458778e-141
ENSG00000073350,3.2308463263258975,2.991547542204835e-158
ENSG00000140398,2.460264104486723,1.0877524222935832e-12
ENSG00000008226,2.5890187631952184,0.00028417796485869125
ENSG00000042062,6.274181811555938,4.4322763024033065e-16
ENSG00000196218,4.598290253955375,1.0516499320186727e-156
ENSG00000247033,3.9855031347482552,0.005473887436442189
ENSG00000231312,5.248830885734863,1.1445998597549532e-10
ENSG00000187672,7.3395057013295375,6.985631625146895e-33
ENSG00000141314,6.7664672868618565,3.4176174773998557e-44
ENSG00000166348,2.523797178338413,7.686893430634562e-129
ENSG00000146700,4.605520226532123,3.3341054251688056e-40
ENSG00000271860,2.872482993192022,0.0009334301337285298
ENSG00000196526,6.3996515059581425,1.4962765034205912e-108
ENSG00000124493,7.181803623809492,9.611288039499551e-70
ENSG00000182240,5.890784402313872,1.5202834605654084e-31
ENSG00000142235,4.678627234673491,1.3014211823371424e-61
ENSG00000250056,4.1819012795997486,0.0038125082621772322
ENSG00000157087,5.093550689203338,0.0005057994481683952
ENSG00000099822,2.3769681173982953,1.6973279816986902e-12
ENSG00000130203,7.140784938981509,0.0
ENSG00000166444,3.5174556346954544,3.960012178106952e-78
ENSG00000267882,5.987070792289676,3.9902795302202e-05
ENSG00000099954,10.33481933386992,4.289245575067478e-217
ENSG00000130844,2.5994114736268368,1.2715991337078348e-103
ENSG00000185869,2.8813211826942235,7.72334485538932e-15
ENSG00000158125,4.819361044762858,1.664872652858373e-10
ENSG00000162522,6.567855004191069,4.721770354184083e-289
ENSG00000116285,2.7801746517512926,2.0670753364488795e-123
ENSG00000105137,8.89291391893449,5.452406521446613e-18
ENSG00000103740,2.2436498208623608,1.499856365310468e-10
ENSG00000104892,2.654976900440399,4.305147686410764e-07
ENSG00000170703,4.775283423702753,1.808290103477964e-13
ENSG00000067715,9.496675883872332,7.509713262605164e-48
ENSG00000256771,3.425591163359459,2.9633969505942704e-173
ENSG00000149257,4.160563134277955,0.0
ENSG00000035403,2.57413770621109,0.0
ENSG00000167964,3.13426980648716,9.662197643482508e-09
ENSG00000162437,5.048270350324308,1.6095267295308101e-112
ENSG00000176371,2.0891478140360396,2.420815941462964e-53
ENSG00000103089,2.6272435322491132,9.013217349526387e-06
ENSG00000131951,4.859250879750987,1.4628033286012333e-05
ENSG00000185483,9.124108739049555,2.6121797534249543e-135
ENSG00000247134,4.251442426632631,3.0965649144200185e-34
ENSG00000110786,7.854215454505315,3.8882326789597605e-14
ENSG00000198768,9.795960810949733,0.00016741698073649805
ENSG00000111077,3.3847134650017363,8.445887466266017e-20
ENSG00000151067,5.42256234363142,3.4618082886913016e-16
ENSG00000157992,3.8531894937984714,6.104338804678984e-49
ENSG00000272787,5.492571722501994,0.025130281683629546
ENSG00000167772,4.079113197142278,3.2762159053396446e-05
ENSG00000277363,2.685021177748469,2.4387353782989943e-17
ENSG00000100626,6.717664127248,9.230892509328607e-19
ENSG00000176105,3.5235349829377283,0.0
ENSG00000160963,9.848167709640789,1.8353105336827287e-51
ENSG00000266903,3.1217452361224174,0.001977423565360874
ENSG00000165152,8.383851510655635,5.229600517656858e-37
ENSG00000185532,7.794486364525741,1.5467189536210908e-43
ENSG00000257086,2.498628592690224,2.1005252531016428e-12
ENSG00000128849,9.093763427336384,6.504389460214566e-191
ENSG00000140090,3.637252796072866,0.000275035411069771
ENSG00000179761,5.566198959985749,5.067237697152707e-150
ENSG00000172830,3.607517854692673,1.0360528653342419e-48
ENSG00000178996,3.452681154257338,1.409483542714229e-94
ENSG00000165929,4.5062102923566085,1.8880326651013708e-140
ENSG00000178404,5.949833402698303,4.481299487530492e-05
ENSG00000206557,8.611205267111146,0.0
ENSG00000151692,3.9135523079616394,2.0086373620056204e-94
ENSG00000166863,5.485167684601513,8.519990843626135e-12
ENSG00000276071,3.222516186076054,0.00014523186721634483
ENSG00000133958,3.1220925964656288,6.786606192161613e-24
ENSG00000136237,2.1588762246815456,8.574506617095124e-63
ENSG00000168785,5.3180955982397204,1.5146939270989194e-87
ENSG00000183723,6.758668479062441,1.0533591590479061e-200
ENSG00000122707,5.475539640100638,1.0432904555784457e-42
ENSG00000109625,8.91334678917575,0.0005995464059651925
ENSG00000106772,5.904126824931011,1.3769736210661667e-111
ENSG00000198346,2.7546557400676623,1.6870432625164662e-111
ENSG00000153814,6.205528026420576,1.2001151052521777e-58
ENSG00000169862,7.832889697385055,4.099708431629172e-26
ENSG00000164181,2.6219710339518603,4.734454924136062e-22
ENSG00000157224,2.8574675526300783,7.009895721529488e-110
ENSG00000181031,3.5672985816934495,2.1344343002786933e-14
ENSG00000051128,5.672999513672729,1.3561937386663751e-28
ENSG00000248405,5.763770422641087,0.020312034312099048
ENSG00000254004,2.126220404406333,6.125346701424472e-88
ENSG00000128805,5.743806115703629,3.849681783381268e-32
ENSG00000100600,3.718776727558368,1.7165284805398928e-130
ENSG00000154639,9.357319651272364,2.1529127233223732e-211
ENSG00000179168,7.581165776777714,0.0032945437535608327
ENSG00000260641,5.278169827875729,0.02940810347052103
ENSG00000180304,2.6028707079601925,9.254146078463094e-252
ENSG00000105499,2.2062602931417903,2.535282943476509e-10
ENSG00000133401,5.519926818117397,6.36122004835903e-06
ENSG00000172346,3.852715744663252,1.408128322668785e-10
ENSG00000227115,4.7583848979308065,0.041236537098199896
ENSG00000258565,3.010440701337359,0.021929037205736343
ENSG00000231806,7.084988409076637,9.609644235051505e-07
ENSG00000186868,4.284141814916139,3.2381980820931946e-09
ENSG00000116670,2.0196797460460063,2.1074356143752725e-136
ENSG00000117643,4.671646355130865,9.546303540734275e-41
ENSG00000166503,2.0258840978650166,3.182926074712137e-157
ENSG00000172554,8.8935281873957,5.881478714663334e-10
ENSG00000155980,2.719556538714502,1.7227457425587714e-110
ENSG00000073712,2.0771933111900585,5.641095693200677e-150
ENSG00000100979,3.22861001942485,9.681585604223511e-214
ENSG00000140443,6.7036336427012335,0.0
ENSG00000260949,2.334234264635836,0.000912684262825159
ENSG00000159307,6.447708090631888,1.8956685233384164e-24
ENSG00000134769,6.048887378873271,2.332839092631942e-88
ENSG00000129538,2.312551596732483,0.00020845170796133654
ENSG00000087258,9.11731771396125,2.042810469659812e-52
ENSG00000166922,3.4417608867496168,1.909554825485615e-27
ENSG00000164418,6.09044787363388,2.912313672215865e-05
ENSG00000072134,3.099957434010804,1.5552804072833323e-122
ENSG00000073008,2.142464392750144,8.368012294371006e-30
ENSG00000156968,6.068083303869097,5.704843554161888e-34
ENSG00000099284,6.7278791429148885,1.1687127778800264e-14
ENSG00000167642,3.1099030727941934,8.821751803097379e-201
ENSG00000223547,2.4874327937296763,6.356599907135738e-41
ENSG00000158816,5.225096033452705,2.4502086321883033e-06
ENSG00000148948,6.881745886074349,0.007144134688560441
ENSG00000198093,2.2587333187592495,1.222661962653948e-64
ENSG00000270607,5.7933154299499705,0.019843861486016693
ENSG00000139971,10.415085622281337,4.0214658189584893e-13
ENSG00000103534,4.697375483036287,2.665065728039134e-11
ENSG00000134013,6.178786121885836,3.489312519710267e-144
ENSG00000166845,2.5425039150401796,1.5487794034873795e-99
ENSG00000100311,3.1742005602589085,1.7037171305335233e-32
ENSG00000160111,5.330124428216529,1.6462591764207985e-37
ENSG00000160352,2.9657056821732493,1.3514926785370303e-233
ENSG00000253304,6.824364850732645,5.01543984180034e-28
ENSG00000156381,3.1684119732289733,3.901094409173717e-112
ENSG00000280087,8.302961731702492,0.0013565953427271695
ENSG00000162552,4.197481987694631,1.8966166253221247e-05
ENSG00000171877,3.5933005855944016,5.726016099811845e-57
ENSG00000081913,3.2432317386962914,0.0
ENSG00000129214,2.268326728376428,0.01911913501472931
ENSG00000167733,2.1669160667999425,1.3598125551228746e-07
ENSG00000136205,3.372981109221593,1.6590930994803806e-146
ENSG00000146197,6.21895917381155,5.996670522610211e-09
ENSG00000112655,4.326110730553846,0.0
ENSG00000163618,9.794772609037153,8.805555065874833e-12
ENSG00000183578,4.480026155682007,0.04819001301275725
ENSG00000129159,6.088028973628156,0.015426921514207024
ENSG00000185670,2.8836098886018378,4.697838389203677e-130
ENSG00000166482,3.47191221103845,1.0864685008567652e-09
ENSG00000124225,6.155719403274591,1.7472833815969533e-67
ENSG00000183844,4.335750865039104,0.00016249254721389567
ENSG00000105278,5.340960618943943,2.5523944329738745e-22
ENSG00000159733,3.0827467839415865,2.5941630595580543e-15
ENSG00000189129,6.914361986346517,1.7672262811040046e-06
ENSG00000183230,3.147015709025681,4.6950365836857495e-07
ENSG00000163827,11.527694512166049,9.91606966617112e-06
ENSG00000163235,5.3435094579654985,1.6609393296971705e-15
ENSG00000186019,3.767560716123859,7.116395676006836e-16
ENSG00000115266,3.2823559815772545,3.1149534983988974e-21
ENSG00000268218,3.3332678158400073,0.00027355190353788635
ENSG00000088367,6.011779395122232,3.5442143132157847e-115
ENSG00000166402,9.408055302447185,6.671791583067604e-56
ENSG00000137877,2.4041070892733805,6.292718958291403e-09
ENSG00000167281,9.243579992025621,1.2016671544319857e-10
ENSG00000167971,3.242633134178669,7.007225457219425e-33
ENSG00000223802,6.587884580424984,5.516102640399229e-10
ENSG00000187105,4.720362101001831,0.0012405625737531463
ENSG00000137834,5.218016817114587,1.3382346831168834e-41
ENSG00000175894,4.949328744531876,0.0007515447757180331
ENSG00000114854,4.074522289766443,5.64339830379888e-08
ENSG00000233237,3.2419131468139124,0.00015172495217831186
ENSG00000205959,3.622244321005009,2.2328697343034643e-06
ENSG00000187824,6.401943779895215,1.0725365345900776e-05
ENSG00000173894,3.2534210343900574,0.0
ENSG00000172296,2.5768881055324933,0.005344370271790946
ENSG00000181392,3.7414076388507356,1.3674523017538776e-28
ENSG00000183960,3.5445453879959685,2.2990173058020167e-17
ENSG00000139324,2.6599482478729355,3.8563355913682815e-167
ENSG00000112309,5.683402786381425,1.4250273158458627e-15
ENSG00000166405,3.059855406516273,6.423176761386493e-39
ENSG00000166450,7.387585052878997,8.484919525999941e-18
ENSG00000105613,4.965643617173809,3.4159293414036585e-95
ENSG00000088002,2.501800524373802,0.0074476516783621
ENSG00000134294,2.183937169533124,3.3057873788205323e-283
ENSG00000139880,3.9894888315606787,1.0948962454436368e-84
ENSG00000205090,3.74662103003689,2.5844961367429335e-07
ENSG00000260808,3.9158229555998023,0.0006647426953464578
ENSG00000242498,6.9640773522849075,2.838879432402484e-20
ENSG00000249310,2.268217018496499,0.02798290577171151
ENSG00000103067,7.605965025167635,1.6074210325773367e-95
ENSG00000169814,2.0030470478341837,1.0173657066426857e-27
ENSG00000133216,2.2986835831647836,1.3885165538702495e-48
ENSG00000139998,4.03381741450869,8.549673893715859e-235
ENSG00000141447,8.592547924946969,7.516499747105836e-83
ENSG00000184005,6.457512919804066,1.3173989981613464e-50
ENSG00000104870,5.853080155768104,2.7773968975969776e-89
ENSG00000186094,5.3952776034374015,0.027014847790116706
ENSG00000182809,2.967612080417447,2.5149555118867056e-07
ENSG00000125864,4.033697903592209,6.257741056190768e-10
ENSG00000124104,3.7906135568921213,5.567756685602813e-50
ENSG00000065675,4.072461293626324,1.7537473983994182e-101
ENSG00000183023,4.824120045619636,3.923081819323063e-22
ENSG00000132640,6.682811298389539,1.2447786333630103e-141
ENSG00000256229,6.800332949472778,1.2025315382588646e-65
ENSG00000260350,3.1506632472953413,7.792195637801049e-05
ENSG00000237686,4.896618910896464,0.0008182644964576193
ENSG00000241404,2.5954968975294386,0.00020966805660602592
ENSG00000136928,4.651001856140714,1.0326122371082188e-09
ENSG00000172250,6.513111951934147,0.010363208270778756
ENSG00000161298,2.5375167221455652,8.59804759902168e-11
ENSG00000196503,2.4499387770791463,0.02128739239813912
ENSG00000164855,3.3768611813803306,3.897010886647428e-07
ENSG00000136274,8.87732774218676,6.575109203214976e-10
ENSG00000125850,10.484753311969232,5.7533151682462366e-05
ENSG00000196437,2.2278254650727085,6.208830006310394e-31
ENSG00000260136,2.090129620475525,0.00021809538803181303
ENSG00000105088,8.467517700206427,4.80821983921905e-59
ENSG00000187595,5.995399612683843,2.959556156654989e-08
ENSG00000124092,2.0211280008534542,0.003343389645382277
ENSG00000130182,10.897704373095259,3.4847441770559287e-75
ENSG00000144677,7.579976416258682,1.2766257070179715e-95
ENSG00000244274,4.6937190290906114,8.893173864352025e-07
ENSG00000130176,5.689055958790853,1.69053053628645e-52
ENSG00000164742,5.312576197744032,4.269433207812306e-262
ENSG00000136367,3.303902882438036,7.217602514273375e-172
ENSG00000170421,5.375820634435825,0.0
ENSG00000189143,6.076512306924072,3.870006806460555e-59
ENSG00000077782,8.01268046301389,0.0
ENSG00000267270,2.2524713723046,1.1083131612263607e-06
ENSG00000153048,2.1442128716407414,3.275263359519272e-187
ENSG00000152953,6.513892463019845,8.402174209953938e-10
ENSG00000187867,7.71759637289606,4.794117418102816e-31
ENSG00000168890,2.4877950426009736,2.2954375842130272e-29
ENSG00000141655,4.4543336698880776,6.546127934934024e-59
ENSG00000163995,4.179796033382109,1.0295578024767244e-09
ENSG00000166840,10.092944255955466,0.00010631872672711954
ENSG00000158486,4.304880643022115,1.1053525201787817e-05
ENSG00000187720,5.7493612764450805,8.237113653985039e-38
ENSG00000126351,2.374499122829999,2.5266221770383585e-38
ENSG00000132000,2.959101065526935,0.00819750140947536
ENSG00000206579,4.639296753074569,5.0075533711033096e-14
ENSG00000185252,2.041496653649742,5.28985818874327e-80
ENSG00000183971,2.8687064327438323,8.68051264403251e-10
ENSG00000181982,8.421055637965525,4.628528902266123e-09
ENSG00000125508,2.4212209215928864,0.013257848286208754
ENSG00000221968,2.344551808838479,3.095995047967454e-52
ENSG00000205726,3.6431304890652534,0.0
ENSG00000074219,9.462183913823425,2.1948095113065158e-101
ENSG00000131409,8.190773844598981,2.3007855105329896e-15
ENSG00000163879,7.04267025499871,3.8517707668821264e-16
ENSG00000232936,2.268109431750596,0.008989149078286185
ENSG00000214688,3.24781164321915,4.2483945624944356e-05
ENSG00000182175,8.506444240472268,1.5937222489666115e-52
ENSG00000141622,7.322601231808897,1.250531379207612e-22
ENSG00000279668,3.00309534789661,9.302875609652804e-05
ENSG00000164300,4.185049708767306,0.0
ENSG00000135424,4.501062487946765,8.604921441198148e-200
ENSG00000153558,4.343170317160789,3.21415211476438e-08
ENSG00000088836,3.640826993963672,3.43419889108554e-100
ENSG00000157557,2.0012443623281326,2.0357542271221432e-83
ENSG00000205339,2.00458342982487,8.912875573660315e-268
ENSG00000107816,2.2373308767699505,3.233167626287308e-134
ENSG00000110888,2.4493555518113994,3.792621278296562e-115
ENSG00000151364,5.145184020134148,5.062902549208773e-42
ENSG00000159788,3.751228780221221,2.1229979316742543e-63
ENSG00000157152,8.994642154450661,3.732640329222311e-10
ENSG00000227110,4.225666700827603,0.003542116066143684
ENSG00000198838,4.087764100883402,2.8374288066787345e-07
ENSG00000142156,6.09458033308618,0.0
ENSG00000130545,4.091350611980049,1.019816388350197e-32
ENSG00000183570,4.075667625005127,3.978437788650449e-17
ENSG00000198732,4.735564004979325,4.487623937208975e-10
ENSG00000175866,4.210824450227657,7.091200821833252e-46
ENSG00000236609,5.0962249426508555,2.030001731407525e-31
ENSG00000141441,7.227036291533255,9.179455160679644e-37
ENSG00000203326,2.2381736417095786,3.860384405086992e-109
ENSG00000140859,2.7517670415145767,5.447428455362717e-15
ENSG00000174695,2.117157903306994,7.879449975693753e-194
ENSG00000132622,6.803500730216113,5.573347394493422e-15
ENSG00000141837,2.2220917871966916,4.776229838320904e-63
ENSG00000198453,2.320161507329499,1.6439060404460927e-08
ENSG00000214595,2.87869744650227,1.0316346063739135e-09
ENSG00000125430,6.3853794447407966,5.739243211517646e-60
ENSG00000183307,6.00489317329447,3.12372988031063e-39
ENSG00000255367,6.013365806916829,0.016471822362627567
ENSG00000249042,4.580042425068825,3.3688825447036287e-12
ENSG00000171724,7.983245409459103,2.65387486227232e-107
ENSG00000071054,2.728360898194585,0.0
ENSG00000147862,5.4868464986018,1.4251605723183114e-63
ENSG00000119698,7.320480670000988,1.3010844769316437e-22
ENSG00000081923,4.156121051203141,3.281110332383503e-27
ENSG00000108309,9.298622077608972,0.00034853016807589955
ENSG00000177674,2.183249738730519,6.613332543054649e-51
ENSG00000144712,2.6196334431213155,5.762062406889388e-34
ENSG00000166780,5.8097566890832155,4.095501920205091e-44
ENSG00000246889,2.808996426885194,0.0012341336387236724
ENSG00000167771,7.963572934551266,1.5409598299870986e-124
ENSG00000196562,2.833700848979427,4.76074737540019e-62
ENSG00000236253,4.523101511432556,0.04709783051603468
ENSG00000161682,3.4705264507639595,6.039273730667042e-82
ENSG00000157613,3.306217202361223,1.339479684794239e-41
ENSG00000155974,7.549488185084997,1.1810064420987004e-29
ENSG00000258777,2.774905196993748,0.02798498723540972
ENSG00000182871,8.37491692410036,0.0
ENSG00000128923,2.5811589922234677,8.769405033427957e-125
ENSG00000106086,2.3070081701611227,4.7428983539049154e-141
ENSG00000079337,3.379804080348137,1.023888833868645e-31
ENSG00000086475,3.5236159888393956,0.0
ENSG00000130881,2.907553117181675,5.209966204540722e-95
ENSG00000185340,5.722516104433873,2.560966031647254e-29
ENSG00000170743,9.732146669252662,0.0001849607928521111
ENSG00000157890,2.2002943486546083,1.0730459278266398e-08
ENSG00000008283,2.4387983529739654,3.3747116170714234e-59
ENSG00000151276,7.667088926394304,1.418114729964344e-233
ENSG00000183579,3.4277200898621185,2.1140988940375453e-121
ENSG00000243244,3.4064137344669767,2.7998008954303316e-35
ENSG00000161381,5.7447385070607355,2.0286144350321933e-10
ENSG00000273274,7.08815521020793,3.3083118087186164e-35
ENSG00000228598,6.005564775292289,0.016589305014397097
ENSG00000137501,4.183455487850878,4.877955586445336e-40
ENSG00000177842,2.407080785851626,2.235448115769867e-47
ENSG00000267060,2.127340827517061,0.0011432815849532851
ENSG00000108684,7.645851815179316,0.003062495012343722
ENSG00000257337,2.356818889664583,8.703439160439726e-09
ENSG00000029534,2.7362838010753965,2.8785750305365928e-46
ENSG00000109991,2.5525969711439904,0.034471649343248756
ENSG00000225077,3.0739464831999017,4.3500776578089815e-11
ENSG00000111305,6.406735773218146,0.011499390683550532
ENSG00000257084,2.084778944786927,0.026882312337796217
ENSG00000165895,2.4351198633906264,9.485995239995509e-102
ENSG00000185664,6.690231000626839,1.436481135388485e-164
ENSG00000177469,4.98858790592438,1.0153723406186315e-213
ENSG00000165912,5.751261366977477,6.227159168631103e-92
ENSG00000070388,4.5650326832281065,5.4107242460218124e-05
ENSG00000178531,5.392672922731921,1.8385650633609872e-96
ENSG00000172159,2.0151923397893206,6.221439847612116e-05
ENSG00000164411,6.551360446550073,0.009989762959183706
ENSG00000175229,8.278596791772834,1.6580649704893204e-22
ENSG00000100320,8.193823247839646,2.8875832677894816e-46
ENSG00000142530,3.724903780244934,1.644385048292067e-10
ENSG00000070018,2.675530796715006,4.2907864757029363e-280
ENSG00000067798,3.8985064378054775,2.175771526979297e-30
ENSG00000197816,2.87781561342837,7.560284804771159e-07
ENSG00000117906,3.5982508763417376,4.2871830804733933e-265
ENSG00000128833,4.00520356106161,2.6501867242102725e-171
ENSG00000138771,7.336860236809381,1.0599568793043212e-201
ENSG00000157077,2.067296181062498,2.287336816407599e-84
ENSG00000140022,7.438383711625984,1.6640436767695433e-91
ENSG00000139915,7.104419579184024,0.005638578470676859
ENSG00000282556,3.8911866312966668,0.0006755641638072946
ENSG00000170579,2.0309946122875764,1.6074756017763538e-32
ENSG00000161714,4.298259080985186,1.9675835074476304e-83
ENSG00000039560,5.838280123987462,0.0
ENSG00000181588,3.25558860344172,3.6949566196980315e-216
ENSG00000182010,8.67597034671469,3.627255991470606e-62
ENSG00000275234,4.864352979619378,3.0798073290879614e-19
ENSG00000277200,9.528779843812607,3.158224598711308e-11
ENSG00000144724,4.5368706431166315,0.0
ENSG00000172348,7.655987667246022,3.3386656869850033e-19
ENSG00000198010,3.26342763794235,0.0025394238373538515
ENSG00000167880,4.228001622425729,5.79181386603142e-09
ENSG00000112164,6.182247154512149,3.371310674815474e-12
ENSG00000183196,3.288844509745115,1.532760502787622e-144
ENSG00000241316,2.94885281379853,4.822662443448834e-05
ENSG00000106128,5.738386012731944,8.496171357598173e-05
ENSG00000068697,2.4017694411076373,2.8457088496283964e-202
ENSG00000214189,3.6514225059901304,9.350962454827444e-94
ENSG00000101004,6.608429396358801,3.432513678568892e-107
ENSG00000019485,2.836375092630464,1.2404747421313036e-55
ENSG00000162599,3.226231674889894,8.085800923970775e-16
ENSG00000136267,6.410866263853745,1.662110436300081e-09
ENSG00000183688,2.9518989159313302,1.957740562907666e-190
ENSG00000105538,5.391870279407246,1.8114736559049353e-29
ENSG00000087303,5.331319670056081,2.470451393152502e-35
ENSG00000205832,3.963253181430825,1.9853703066084127e-09
ENSG00000099974,6.85483864824186,0.007338740137235543
ENSG00000132470,2.5085649713731466,3.256612570042864e-18
ENSG00000171914,4.737922435120716,4.0576801959821196e-258
ENSG00000248905,5.294095354640423,2.422790372718642e-28
ENSG00000140092,2.889761059597013,6.3708291066574214e-09
ENSG00000226887,11.067721140181959,1.3063204245324709e-14
ENSG00000169750,3.030525173225417,1.144384351444004e-146
ENSG00000189144,2.1239908018919267,6.048327810642272e-17
ENSG00000274750,5.016952521091247,0.0
ENSG00000101188,3.378180657753053,1.7542910489384993e-05
ENSG00000139973,4.809631179410909,1.2462352536887316e-34
ENSG00000163032,9.295218518866262,3.2795918693220424e-63
ENSG00000226332,2.064158844017731,0.021744051421460152
ENSG00000196081,2.9317989448260686,1.823118749342713e-86
ENSG00000169174,7.212984995532935,2.543926273059739e-99
ENSG00000153904,7.576842157015417,1.1373869837946841e-143
ENSG00000255639,3.7797558189526517,0.0010281366103340355
ENSG00000225439,3.0685997574571173,4.733746925920609e-26
ENSG00000100167,4.01489039037597,4.205614973983626e-199
ENSG00000113296,4.73501302589443,5.522356247530499e-51
ENSG00000120162,2.9560891819247908,1.1713643995189323e-102
ENSG00000008083,3.118043862934491,0.0
ENSG00000154059,5.724952769801265,6.585232662175352e-115
ENSG00000054690,4.740008840624306,1.3785303690405563e-148
ENSG00000137269,4.495029212721553,4.46183081344414e-65
ENSG00000232445,2.7830585472894787,3.9436970818685576e-63
ENSG00000246379,4.739041571404196,0.04168517532562948
ENSG00000157214,2.979370472179551,4.016781579064806e-80
ENSG00000106789,2.0699320497709173,4.042036430229771e-91
ENSG00000257591,2.494436352318504,1.34762582921623e-05
ENSG00000179242,9.781971867439566,9.432449961729457e-12
ENSG00000108828,3.769522525822739,0.0
ENSG00000261744,2.8110990155975863,0.011906076276373734
ENSG00000084731,5.536027291073757,1.4238902731791639e-266
ENSG00000135362,2.5805341423131756,2.387232453804823e-15
ENSG00000164171,5.362469172052868,1.390021889257729e-64
ENSG00000116661,6.813683411782639,3.3313838693124882e-74
ENSG00000072071,4.401527481469074,0.0
ENSG00000076826,2.2082726727086985,4.033270564746416e-72
ENSG00000178980,2.3141278802550365,5.222647584372868e-161
ENSG00000121440,7.417419052797914,1.7420518677295043e-49
ENSG00000166813,5.65885554733387,1.4413266728939353e-79
ENSG00000154274,2.737644064730623,0.0015671928700852979
ENSG00000150093,4.363042614576861,0.0
ENSG00000183762,2.711467763965021,2.6310473696675025e-16
ENSG00000130751,4.402818310688732,1.7413390029511474e-24
ENSG00000138101,2.114510288150448,2.3209165094394555e-49
ENSG00000164708,2.5049406176317914,0.011919988891697954
ENSG00000164542,2.353196572951311,0.00424184830822643
ENSG00000107854,2.3134548919061513,5.605287048461112e-240
ENSG00000162551,8.406701187596902,2.386742364800158e-214
ENSG00000105479,2.354250418274774,9.011759771720661e-06
ENSG00000280099,2.3706260510613117,1.3848543487072578e-07
ENSG00000111752,7.471687546457078,0.0
ENSG00000010278,3.9154251058077545,6.466232080380532e-229
ENSG00000162374,6.979017583115569,0.0064362781782608776
ENSG00000108387,4.573990544428088,1.4164064299459867e-21
ENSG00000126603,4.607479487583607,9.541821218630873e-95
ENSG00000085733,3.582593013140503,0.0
ENSG00000157570,3.1545837734674316,2.1636306652992695e-32
ENSG00000181274,3.6070956153970166,5.165789468486948e-202
ENSG00000162415,2.156823252699518,2.564682245160353e-13
ENSG00000063180,3.741677885154725,2.3234122511069673e-93
ENSG00000002746,6.27347335739395,1.7565137250703212e-43
ENSG00000101331,10.193503455191086,9.109799082810287e-05
ENSG00000129951,11.356895683538497,2.683511006914648e-15
ENSG00000196284,2.6076426151414895,6.300428425096664e-30
ENSG00000213762,2.094054158449166,1.048715901478696e-111
ENSG00000140416,7.737312677019297,0.0
ENSG00000161082,7.77067894614479,8.636758153710831e-20
ENSG00000144596,8.53378080715012,2.8415686919795606e-09
ENSG00000106069,2.812140141922274,0.0023268132241807257
ENSG00000188501,7.155867847816493,8.326432285690561e-12
ENSG00000047662,4.71795397657636,2.7758399305004275e-05
ENSG00000054793,4.1922953930977505,2.1432796196781074e-72
ENSG00000007516,4.1012521187278805,5.065557447610558e-31
ENSG00000186642,3.8828886374668614,3.797118189923935e-12
ENSG00000060749,2.670791663550635,0.0
ENSG00000144644,5.569870581797803,0.023719249432841077
ENSG00000114861,4.199482868114762,3.471435309208462e-56
ENSG00000125966,8.947136949223129,2.581834266295432e-34
ENSG00000204580,2.115847979334809,7.783655829494026e-184
ENSG00000186297,9.41456322588917,5.3932584127506176e-11
ENSG00000146555,7.523728707382593,1.2030617127786647e-45
ENSG00000189350,2.8921158828160345,0.00016184787954722787
ENSG00000140479,4.547590161121209,3.0457982479866245e-13
ENSG00000188897,3.8914562393229417,2.6800235827733557e-39
ENSG00000106392,2.938392909983928,6.08336244222583e-206
ENSG00000111145,3.2532768978085262,1.7572851425495913e-58
ENSG00000125046,2.5986908575012873,0.00874358799674662
ENSG00000168952,3.678162189139151,2.1763523430790473e-60
ENSG00000198795,7.4346420680939005,5.611463488969025e-34
ENSG00000184012,5.459157385157292,1.0354166750905163e-36
ENSG00000132535,3.2891414688742566,2.0679976301179233e-127
ENSG00000144645,9.044381803847589,2.991517487372763e-84
ENSG00000253250,3.293904956324889,7.709955091885343e-31
ENSG00000109501,2.539869276091145,1.8396011465229296e-78
ENSG00000197119,3.25663912565717,4.221369041123779e-252
ENSG00000153162,4.026779886814733,1.0043079744245319e-09
ENSG00000058453,5.2696707246634045,1.6637389910422872e-215
ENSG00000078687,2.1611031903044715,6.128967201626969e-100
ENSG00000108839,7.750825510675344,0.0027010860885946825
ENSG00000130768,4.465499226758193,3.26711445980875e-135
ENSG00000072110,5.367498085102325,0.0
ENSG00000267383,9.323182977559293,1.566813355443891e-28
ENSG00000147459,4.384464306819344,2.7775464854591204e-174
ENSG00000130035,3.0966991882097163,1.8792945536895195e-13
ENSG00000182372,2.512230747496435,3.0823996087406386e-111
ENSG00000011405,2.8202586905799913,0.0
ENSG00000164007,11.392423945254805,1.251055063682943e-05
ENSG00000119986,2.5378960596603877,6.596077597196582e-14
ENSG00000214944,2.134222940159039,1.1255932367937003e-05
ENSG00000133703,2.4492303113736664,2.513091237727624e-195
ENSG00000173898,6.4818304414686585,0.0
ENSG00000104067,9.009146404493194,9.684480388135714e-304
ENSG00000167600,10.49839907424556,3.1035608334790548e-114
ENSG00000231205,5.143080289297792,2.2791752079579602e-197
ENSG00000205116,6.9944869272136785,0.00639850230446569
ENSG00000075461,6.472437403134106,5.046988061695062e-21
ENSG00000167371,4.917600964687882,5.9838438062751384e-36
ENSG00000124588,5.793997136205024,6.806376435229725e-173
ENSG00000144619,3.2421737434873785,5.610283933190082e-06
ENSG00000092345,4.353396698227151,1.9022570760267742e-09
ENSG00000167608,4.132325485554759,1.5475297467892526e-11
ENSG00000142552,5.1336734487531315,5.306221479920684e-34
ENSG00000099889,4.420557168204219,3.003641836569052e-163
ENSG00000267055,6.02476637548937,0.016331070281042925
ENSG00000186806,3.4181293122852705,4.0370423847312256e-35
ENSG00000121653,6.1741529705273335,1.5486082185493421e-127
ENSG00000139146,2.1264682599484717,2.089165279650644e-258
ENSG00000259153,2.2218842206432505,4.1985940566869575e-13
ENSG00000213420,3.4454466156687356,4.693927109868576e-104
ENSG00000223891,2.0366892129483607,8.831025679569848e-07
ENSG00000262943,3.7205636804767,1.5315790216168752e-18
ENSG00000198780,3.591761916038471,2.645108971596642e-281
ENSG00000132561,7.102077966472253,8.482732076226108e-45
ENSG00000162430,3.812693316301412,3.523893358960562e-297
ENSG00000146072,5.92275873437782,2.422020877065791e-221
ENSG00000007866,7.240462247289394,1.0187349294442257e-10
ENSG00000139174,4.44226543595288,4.228633590271042e-127
ENSG00000129422,4.17940929265989,8.271382409995173e-51
ENSG00000084764,2.939353269232986,2.895003767794621e-14
ENSG00000189157,3.4088403020215585,0.0030776861889432287
ENSG00000104213,7.200619999081155,6.24860479414752e-07
ENSG00000205334,5.699563537721872,0.021386203466338127
ENSG00000083067,8.888984007479625,5.986259140830824e-10
ENSG00000106080,2.1777250668328665,1.5219293849247089e-33
ENSG00000008516,5.754400342662088,3.280941071731867e-104
ENSG00000140675,3.3839309726221494,0.0032020091000599976
ENSG00000156574,5.671144045038076,1.7901324236115982e-15
ENSG00000160200,6.053508214267355,2.7774209564633243e-49
ENSG00000171649,3.0372041901911158,1.9861504030270415e-110
ENSG00000215910,2.787351137483878,0.00029417630260507706
ENSG00000273079,6.4205665715880516,1.338157438716659e-20
ENSG00000100852,2.3587701259099507,5.08625650235221e-191
ENSG00000129521,3.794535384174066,3.984851705405972e-84
ENSG00000168824,8.897923705803507,6.502322833761541e-42
ENSG00000127418,3.768714959313028,6.957605037093431e-75
ENSG00000204681,3.304235947606692,6.151103022504018e-150
ENSG00000180479,3.5961965268994978,4.893282276591967e-16
ENSG00000220785,2.6200863622157975,1.0277635355961046e-19
ENSG00000088538,6.572918359078292,6.941243604423833e-49
ENSG00000198846,3.909533135378152,3.4622879935799366e-33
ENSG00000141736,5.943239168479036,0.0
ENSG00000273145,2.4008624548497184,0.039181539143794276
ENSG00000153902,4.827368227976928,1.523055085564167e-10
ENSG00000181458,3.1221043606566177,5.07607130471574e-22
ENSG00000169071,6.6171247501303725,3.7466539483267715e-18
ENSG00000187091,3.23134569753918,6.912836670193903e-42
ENSG00000283221,5.369983086541155,0.0002419768090897218
ENSG00000275832,3.659749767008167,0.0
ENSG00000177303,4.241885552021586,3.8155164347102643e-131
ENSG00000156011,3.6736082439826996,3.974493241393105e-163
ENSG00000162105,8.042430236082758,4.1613332232287376e-140
ENSG00000168140,6.694969092962186,8.36063727703539e-27
ENSG00000185920,2.8151716319975506,4.127359857508508e-141
ENSG00000164659,2.4691432329119047,2.4577821412826227e-79
ENSG00000179299,6.653926797626325,2.9307978014344444e-62
ENSG00000081181,5.512924084732221,8.0589581721136905e-115
ENSG00000100027,2.3341934043581496,1.737533209951488e-23
ENSG00000169855,5.319734950601681,0.0
ENSG00000124613,3.135521575826882,4.446051861447472e-51
ENSG00000106113,2.1137764285477236,0.04853253237464129
ENSG00000233056,8.408659530099865,3.386149862578806e-23
ENSG00000138336,5.429673007745059,0.0
ENSG00000139132,7.912386382150552,1.1194560006449486e-152
ENSG00000224846,2.219417585347956,0.03001444489253307
ENSG00000279196,2.2564166180028926,2.453095575178166e-05
ENSG00000165804,4.059449523889572,2.528125905420984e-308
ENSG00000103942,4.20652430756018,3.386779462263445e-89
ENSG00000131941,2.4437063018200345,5.0947504344078474e-67
ENSG00000122729,3.3784326477343147,1.5360849660316683e-195
ENSG00000237945,2.8875546567954054,1.8991020441969295e-34
ENSG00000122550,2.580063839251806,4.738535846737118e-162
ENSG00000196208,4.996870697258456,4.091138255742202e-194
ENSG00000170962,4.8002268971383595,2.006215757474998e-23
ENSG00000106366,2.914168600973245,4.0109554548186167e-22
ENSG00000283674,2.9917794881835222,6.443606941898227e-15
ENSG00000139112,4.783289787986852,7.135943742098176e-208
ENSG00000011566,7.264045381530897,1.5349953730818174e-148
ENSG00000249715,5.6529257182671095,2.017496562231538e-07
ENSG00000011258,2.0587719686979953,3.530686085832586e-135
ENSG00000020577,4.042650947509325,9.617856224996663e-83
ENSG00000255794,7.519224711914571,5.207239069991846e-13
ENSG00000196090,6.140883544051591,2.725430643525067e-15
ENSG00000186862,7.575081918700692,0.0033196346928445067
ENSG00000275004,2.962339324070261,5.322691877822146e-64
ENSG00000258457,2.6064494214035197,0.008585696827876084
ENSG00000119782,6.676793574836305,1.6185497255878521e-18
ENSG00000092758,6.492989636026511,5.394944018184468e-157
ENSG00000078114,6.8331700446105526,1.529838716474397e-49
ENSG00000175175,5.000729680855168,3.357975272233106e-91
ENSG00000275719,2.8186938466047433,0.0029861057632628494
ENSG00000125170,2.9798236486508127,3.2644317782841514e-77
ENSG00000173406,9.626895378581859,2.0275788465856885e-11
ENSG00000142798,4.749377926090894,0.0
ENSG00000091262,2.500004786630519,0.0022929397622581255
ENSG00000154118,9.177853026779806,3.7449497675153685e-36
ENSG00000185008,2.4153706040050067,7.415034926712774e-11
ENSG00000268650,2.5047357704604893,0.0195712317415687
ENSG00000187122,2.7926109972326008,3.152363928903586e-07
ENSG00000134709,2.2902956497480775,1.4387054898901268e-100
ENSG00000114812,4.9322908135327985,2.6334880005429884e-28
ENSG00000006016,4.915548408304418,1.6926633019002398e-14
ENSG00000166833,3.9337625029267276,0.0
ENSG00000185737,3.6368303507970094,4.410819198087623e-17
ENSG00000159374,5.629189174809722,5.206817031727223e-10
ENSG00000167525,3.023372276127004,2.6019547838705903e-42
ENSG00000170011,5.472623055808267,3.2701051182454173e-05
ENSG00000137393,4.68943222190237,2.423733625251658e-59
ENSG00000096717,2.0208026458268953,3.4624337670006106e-119
ENSG00000230091,3.4754301765552493,1.1666330688577647e-09
ENSG00000186026,2.0649488363432402,4.852131338296649e-08
ENSG00000101751,2.103553961015395,6.669470539176854e-56
ENSG00000167216,2.098034642867673,5.691853320665489e-12
ENSG00000101349,7.582042970538452,0.0033182688567932788
ENSG00000251271,4.757209975894373,2.3646892121143906e-05
ENSG00000127578,3.7344984861452746,2.0452045803432664e-32
ENSG00000137831,3.289997045194611,3.983111269479367e-107
ENSG00000004660,3.484528685283855,9.367727831528596e-39
ENSG00000070019,5.04630170105089,1.904876418150383e-13
ENSG00000162188,4.997625898003486,9.479057201015808e-08
ENSG00000176463,4.292509065681987,5.069727573344279e-63
ENSG00000165997,2.086163753371462,1.4037474110743693e-164
ENSG00000232258,5.814714186878431,0.019546126288514244
ENSG00000114378,2.0959274444079123,7.725271587946154e-05
ENSG00000099864,4.441156856940261,2.3339165070553646e-52
ENSG00000236404,5.636118612018948,1.1472257695779065e-12
ENSG00000142273,7.002423967767491,4.046165536205061e-25
ENSG00000271888,2.0458992348577003,3.884407445654718e-06
ENSG00000189409,5.878575025128949,0.01856248268919113
ENSG00000165091,2.291846912032382,0.00026599895385455105
ENSG00000099625,3.6775259160314846,1.2323216220513877e-60
ENSG00000204991,5.253290906101432,6.602969615606735e-42
ENSG00000285816,6.208358589202317,0.013831332936098643
ENSG00000138640,5.95306554328425,3.4822853916368044e-70
ENSG00000181007,2.4351057754888856,3.772979993769771e-47
ENSG00000101134,11.153832011815997,1.8994516808609093e-05
ENSG00000164061,3.844137576001092,2.1787018475834384e-53
ENSG00000117598,10.602841578073283,4.757718180715255e-05
ENSG00000105270,4.798636443023414,2.235665832266601e-93
ENSG00000178226,2.0541765689135913,0.009314078307784864
ENSG00000171368,3.5324025533079597,6.539473791540333e-08
ENSG00000105877,4.583313550840305,3.045662514078563e-34
ENSG00000157542,9.266849799355082,0.0003653360174461619
ENSG00000182986,2.755353403643591,2.420661447191717e-10
ENSG00000057019,3.1558457614272344,4.522433069982391e-253
ENSG00000100504,5.182294257031134,2.433633298464859e-154
ENSG00000175600,3.1420075451980494,8.599316800145144e-08
ENSG00000166924,4.341606776060796,4.631001556983677e-25
ENSG00000112182,4.834946438154053,5.987252180214477e-41
ENSG00000157833,4.051580317579592,3.790739302788312e-109
ENSG00000145623,3.9555029957117567,1.6281453180536113e-17
ENSG00000196132,6.698163043412481,3.7759307297508487e-06
ENSG00000072832,9.565011586601882,7.911068917510369e-104
ENSG00000230269,2.7212385796352425,0.013882632328811782
ENSG00000003147,3.4072254010169822,2.0516706428765615e-67
ENSG00000075275,3.5872067197246356,5.186136245085893e-155
ENSG00000253361,5.29122493494105,0.029141162503230608
ENSG00000197321,3.2436213519658432,1.6525672648901377e-110
ENSG00000153446,4.868114812156348,3.3959445083163705e-07
ENSG00000117013,3.654274122144395,3.766392357640847e-21
ENSG00000175183,9.115855216222414,4.883709138393915e-69
ENSG00000103044,7.172315698603556,5.223462483139287e-177
ENSG00000179954,2.4867336251466194,9.401759519178101e-07
ENSG00000154229,2.695953766982866,5.915583807316974e-82
ENSG00000165238,9.739052887693896,1.6579662810846895e-69
ENSG00000079215,3.6203623771371043,1.3236341720320379e-105
ENSG00000196220,3.5671846507088762,2.497217055427303e-36
ENSG00000173402,2.7453329073906487,0.0
ENSG00000205476,2.799546742643282,7.357267521779524e-117
ENSG00000143891,3.2525941190311745,8.957678761973514e-39
ENSG00000167105,4.416950117083341,1.122315645989178e-29
ENSG00000147852,5.386296747291703,2.1517729635835605e-234
ENSG00000108821,3.6165058929287484,0.0
ENSG00000103196,4.364718791851775,4.65699343508269e-26
ENSG00000184304,6.532000835820985,2.5144232212042754e-25
ENSG00000282381,3.429322051418934,1.1818085737175134e-05
ENSG00000180720,2.781064813259248,0.006277907299599812
ENSG00000141198,4.360433010245695,1.3835149510090166e-142
ENSG00000162069,8.22987275454597,3.024584157971926e-22
ENSG00000157423,3.5033566561634513,0.0005562165293314839
ENSG00000104497,3.07284472923882,2.4208263192115193e-52
ENSG00000249406,5.405910544462269,0.026804296721709493
ENSG00000234261,6.927714166409824,1.3572704354493334e-15
ENSG00000089847,4.346300444874038,1.1732418085050042e-76
ENSG00000142089,6.168598448371125,1.2755631526265975e-143
ENSG00000172687,2.3841278642017447,1.7744313857569e-84
ENSG00000135048,4.756499543108149,0.0
ENSG00000146648,3.8372734217919056,2.117920577015966e-34
ENSG00000186907,3.9637320699587533,3.069933379333826e-63
ENSG00000259933,2.7642705371684864,0.028252531287101926
ENSG00000197283,3.0548513042936594,1.0313150854781856e-258
ENSG00000157870,2.4504729253519573,5.633811103623814e-63
ENSG00000181350,5.514378984341031,4.411664152655548e-26
ENSG00000164199,7.3996190528228425,2.751531343956402e-254
ENSG00000116005,2.7919376430792178,9.610979296666585e-149
ENSG00000129194,5.662665979340345,6.755814922266669e-26
ENSG00000139269,3.5336054730193602,3.86410078888357e-26
ENSG00000164176,6.781875211705403,3.111778640544257e-158
ENSG00000128965,2.5156504339783146,2.3191513394554324e-39
ENSG00000153157,5.24242878492207,1.4886068611908294e-08
ENSG00000142192,2.2446490169569175,0.0
ENSG00000138606,3.6224916644716285,4.8642223374517425e-53
ENSG00000064763,4.722477583073152,4.1933575731761296e-72
ENSG00000122378,2.063036920806106,2.855655737495232e-71
ENSG00000267265,3.430383349709099,1.4855004824013723e-06
ENSG00000198363,3.1780225255922554,4.109959033156263e-164
ENSG00000101460,2.8676999343986393,1.9471532526509046e-06
ENSG00000117407,2.971913361755946,5.88667633462586e-25
ENSG00000176485,2.694961982010753,2.761200131559429e-103
ENSG00000128045,9.100178850267536,3.3100374707500525e-52
ENSG00000164638,4.138391079160697,5.144498116177557e-32
ENSG00000180336,6.803590374006577,6.055731328823009e-15
ENSG00000176928,8.5961075602515,4.928035561022464e-39
ENSG00000177425,2.499240520713594,0.0
ENSG00000142733,2.519583206678717,7.246678728547093e-22
ENSG00000158828,2.580681500236287,9.046956069794696e-46
ENSG00000154027,6.157076113446432,1.9582794532282098e-15
ENSG00000171517,7.213962622067613,3.640590081972758e-56
ENSG00000011105,7.5333543237680365,1.86103051311325e-67
ENSG00000056487,8.083690184148153,7.849735279405671e-60
ENSG00000099365,2.5045967289245614,2.6601215822233407e-52
ENSG00000006704,3.573199964880233,1.714335434104896e-120
ENSG00000133687,4.223417400033302,6.937442823889435e-141
ENSG00000061273,2.0785655710936464,6.690184542652967e-112
ENSG00000169213,6.806999859574959,0.0
ENSG00000149927,6.138707694829878,3.681275196504903e-25
ENSG00000125872,4.243706971673266,0.0001963378197658022
ENSG00000196169,4.4609405674527425,0.002200974323701282
ENSG00000113356,3.078509268521142,0.0
ENSG00000101333,7.857784761961552,2.9088604300509345e-32
ENSG00000142065,3.211671282150833,1.7451807815042125e-53
ENSG00000186976,2.5142068118174543,1.4435580417883714e-05
ENSG00000213799,2.0206841531754707,5.079863488008351e-67
ENSG00000121753,6.859660272836432,1.8977327064197142e-88
ENSG00000050820,2.72977045519195,4.3241254133141303e-193
ENSG00000181585,5.872829261865658,0.018586464508219765
ENSG00000262001,5.004718831981758,9.789255637411873e-39
ENSG00000171119,5.2160356878282625,1.652632939213833e-08
ENSG00000117971,6.063235286521326,1.6100644945577626e-08
ENSG00000225420,5.569870581797803,0.023719249432841077
ENSG00000197457,4.586801765649808,1.477595527294069e-161
ENSG00000108950,6.051976079182854,1.1624212862282147e-11
ENSG00000128564,5.063376609648357,7.120390277763201e-27
ENSG00000170542,3.046275595441114,9.221634398595191e-232
ENSG00000146216,6.657236358703821,3.0288488200754994e-10
ENSG00000053918,3.230238224348491,2.8380167010683404e-09
ENSG00000152208,11.033562050848648,1.1791939965169543e-39
ENSG00000158296,5.816408430613089,1.8564601805972856e-30
ENSG00000140945,4.882014717407014,3.664246454153419e-09
ENSG00000169764,3.277992679919729,0.0
ENSG00000164929,4.3613816368618465,3.861598299549827e-07
ENSG00000220161,4.900941727440592,0.03779380099727129
ENSG00000170190,2.150086123916641,1.5560803763956664e-26
ENSG00000067606,4.860298932897237,2.1953655659794083e-126
ENSG00000100196,5.110586677718878,5.252420567951683e-18
ENSG00000165821,5.6539398220249,0.0
ENSG00000149256,6.017781270741928,3.327901320397094e-30
ENSG00000117154,8.211225509289632,8.066407685944895e-29
ENSG00000165914,5.328562036946098,4.264175711012228e-59
ENSG00000110076,5.207085413466062,7.077426831590902e-49
ENSG00000160201,2.5839255384929203,9.867080587987097e-09
ENSG00000144749,2.7331099465657,5.224645212506694e-262
ENSG00000235169,2.3793273609623826,0.0006519881122329121
ENSG00000259345,3.439517648001456,0.013079746840879113
ENSG00000120896,5.476741917438301,1.0819231613177009e-166
ENSG00000040608,4.344587110477293,1.8248237640957712e-58
ENSG00000111110,5.761954858531351,3.0146734984793364e-252
ENSG00000260719,2.026173859847998,1.9643611634880783e-08
ENSG00000079393,2.7665731676170546,0.011986350977713433
ENSG00000120594,7.122912568186517,5.317950260941591e-165
ENSG00000138814,4.004593090220324,3.4575265458568165e-192
ENSG00000147601,5.399746283398782,0.0
ENSG00000006740,4.636130345344007,3.8983580835408642e-112
ENSG00000100122,4.528032028623134,8.181552437068976e-05
ENSG00000246792,2.5445281025154434,4.904992972402969e-07
ENSG00000140832,9.336146386874136,1.3059528443716384e-28
ENSG00000133026,7.11969285714047,0.0
ENSG00000066629,8.028813818009363,2.145627077214258e-46
ENSG00000119888,6.559110034386896,9.702900047150769e-282
ENSG00000103034,2.5110810759491127,6.000070321019459e-40
ENSG00000149260,6.1818454418870346,9.37342562752441e-91
ENSG00000118407,2.562059835903084,5.328876530922031e-21
ENSG00000177426,4.682543148784035,0.0
ENSG00000162618,6.259475434689966,0.013217282653368786
ENSG00000153976,7.7841820055418385,6.41874471760034e-08
ENSG00000008300,3.764765434564539,5.088755525518499e-297
ENSG00000138670,3.849085350566472,8.780828834806681e-13
ENSG00000157933,2.2793528922668376,4.1690257257657676e-216
ENSG00000103160,2.8531579612790927,2.5998322676701237e-123
ENSG00000135299,4.244066431180712,3.16113335806777e-48
ENSG00000145721,2.5622974777678635,0.017359047589526763
ENSG00000198342,2.4017309118409345,1.734746506408465e-07
ENSG00000142449,8.651890035245675,8.072731142913832e-99
ENSG00000141401,2.583873409513278,1.0548156548126878e-133
ENSG00000140948,7.098590705287199,1.2443917979911916e-145
ENSG00000111664,4.691120379365217,2.0446990658322023e-26
ENSG00000163517,3.958943653652582,6.835040193657869e-23
ENSG00000148680,10.554326391089285,2.0151404339387919e-13
ENSG00000241852,2.282633568801776,5.4217668927996e-20
ENSG00000137843,3.5929726924300995,3.614175230321968e-12
ENSG00000105289,5.888805368289163,9.965765269233476e-49
ENSG00000105889,9.573321349125447,0.00023374919087496647
ENSG00000278570,5.751621377928109,0.020539556464255284
ENSG00000100558,6.768471906654055,0.008026333691620658
ENSG00000138119,2.0110126393639773,4.540887559002229e-10
ENSG00000065717,4.557029079112623,1.279816194478607e-28
ENSG00000084444,6.35556859900822,3.074143189628645e-114
ENSG00000069020,2.41713739280014,8.432195671484728e-21
ENSG00000088543,2.5138642982328117,1.3435510867185129e-15
ENSG00000095383,2.1406166110579243,1.1978606107774334e-19
ENSG00000059915,3.7569308279007556,5.127210636955231e-26
ENSG00000134072,2.5081038180756026,4.8328517403170217e-08
ENSG00000121769,6.719930531728054,9.239993360674244e-19
ENSG00000160229,3.2490736218022005,1.2344743058579698e-103
ENSG00000164050,2.7901184394847784,3.841751554998872e-289
ENSG00000171680,3.6115289710984837,1.392936879921919e-70
ENSG00000165886,3.745819425651482,1.0123504267806525e-50
ENSG00000182963,5.816895145436276,0.0
ENSG00000130477,8.223076763660304,2.2489485413932106e-198
ENSG00000071282,3.4081584140249928,5.34623856706928e-44
ENSG00000250519,6.979017583115569,0.0064362781782608776
ENSG00000108352,2.2392005820510748,3.204137862194923e-36
ENSG00000174669,2.0897980089348938,2.261806852423299e-58
ENSG00000185052,8.864886462060197,6.672163463559524e-10
ENSG00000155269,9.02197009794317,0.0005149415967279344
ENSG00000141404,9.69341156472428,3.2312609283126004e-21
ENSG00000122547,3.2439511791152937,2.3066335076710784e-28
ENSG00000264164,4.002658793268623,8.750058778054636e-08
ENSG00000257150,8.21210475341113,0.001524247438533677
ENSG00000173269,3.2055576616467993,2.1198399719520368e-05
ENSG00000235790,4.043773566487617,4.809255280928624e-05
ENSG00000088305,8.718184745364352,0.0
ENSG00000178233,9.597645594411336,8.117450505115797e-21
ENSG00000101335,6.257745011676111,6.374826068990936e-247
ENSG00000061337,12.265816460260412,2.4481883318760407e-06
ENSG00000188368,2.2795767967418192,1.421077799961376e-09
ENSG00000172380,6.014034413458371,8.169576178112118e-175
ENSG00000243004,5.582213376275431,1.5732609701242838e-93
ENSG00000101384,2.8203402160189426,7.612081398747027e-124
ENSG00000135447,7.899820645664577,4.041631956310108e-08
ENSG00000197467,7.1597010974159065,7.980362678498129e-12
ENSG00000133812,6.169497730102728,3.023931520327652e-243
ENSG00000008323,3.917058549003193,1.78609464831063e-74
ENSG00000185942,2.899901165273185,0.024650782795747096
ENSG00000170412,4.325608932497036,6.442739992979416e-33
ENSG00000107614,2.1016782263056633,3.3584907314815665e-39
ENSG00000180592,4.907360952481732,6.64927860002855e-57
ENSG00000122863,5.016933593175469,3.985385147574691e-57
ENSG00000182902,6.082657007946298,3.0430826450119828e-05
ENSG00000176387,6.151631431275363,2.6154118720260398e-51
ENSG00000149054,2.584954595552017,3.657969092622662e-44
ENSG00000169918,3.9180637876223203,8.722251363195899e-22
ENSG00000183150,2.5808019348671625,3.962953340289304e-29
ENSG00000279159,4.02014222537788,0.0004629415614935926
ENSG00000166341,3.67258354541022,3.7823221909683986e-143
ENSG00000152284,10.10114195017643,7.312276378788031e-75
ENSG00000151376,2.1900640265242393,0.000662518487161127
ENSG00000113319,7.301143974012689,3.8612090621924477e-112
ENSG00000099953,4.651849616234347,2.2403657072697737e-30
ENSG00000139200,7.123318301178981,3.0300822042056753e-21
ENSG00000095637,6.227209322125201,1.3948215576847032e-166
ENSG00000224557,3.6049389774178073,5.521156560622311e-64
ENSG00000166123,3.4763112664232994,2.7640892461194647e-272
ENSG00000140470,3.0288737176653657,1.067444003431404e-07
ENSG00000128242,8.210795693867611,1.1199716259675056e-08
ENSG00000173809,3.3004861821920404,9.347531628946021e-05
ENSG00000019505,8.388600104118453,4.752542663369038e-30
ENSG00000074527,3.5978160484292125,1.2061607984471837e-07
ENSG00000035862,5.790990759510722,1.0424452157713351e-163
ENSG00000122507,2.514604602085645,3.172278531443446e-48
ENSG00000198003,2.7408239190252774,5.182497466109389e-06
ENSG00000059804,4.867319322249749,3.097212058243744e-185
ENSG00000080644,5.894868014897471,4.7824010990008676e-08
ENSG00000077616,6.728161602498741,1.871736420322594e-10
ENSG00000146267,8.674146407466344,3.7871081329546585e-17
ENSG00000068615,3.8875102745559116,2.18262289561141e-07
ENSG00000204385,3.3928493153328376,1.884166559487633e-10
ENSG00000116544,5.646643480437057,2.346082180330529e-61
ENSG00000151693,7.1656886182255155,1.1203313206260274e-69
ENSG00000174871,3.03133949161015,2.4336416765493426e-19
ENSG00000100146,9.389592690286019,0.0003055151500248239
ENSG00000130307,4.79116508103542,2.276101925481269e-23
ENSG00000021300,2.9444792345083135,6.693146964793484e-20
ENSG00000160113,2.679916783984321,5.288966407731902e-169
ENSG00000232070,3.704775561063507,0.000206608178429576
ENSG00000186567,3.2785586420538997,3.139200406527202e-08
ENSG00000165548,3.513960331301234,3.788461261959888e-30
ENSG00000179403,4.419879338858765,1.0286628956776205e-123
ENSG00000137177,6.637695686794104,3.5010233781155573e-178
ENSG00000175707,6.294877080793318,1.0851755588167194e-33
ENSG00000053438,9.261829615630573,3.872777897339089e-28
ENSG00000168477,2.162000233809051,5.142029981199376e-21
ENSG00000165617,3.930514424302795,3.66596983085566e-104
ENSG00000156299,3.915337297562084,1.0375623772054656e-160
ENSG00000169181,5.311523943244072,0.02877836321499191
ENSG00000198513,2.488077708123337,5.0575990278564364e-12
ENSG00000154080,10.11373556379551,5.348285786534668e-23
ENSG00000001460,4.708764419809804,7.291973044079751e-30
ENSG00000103742,4.452078158068399,7.773302245738551e-67
ENSG00000151468,4.534557711998066,2.3143369051779148e-17
ENSG00000102935,7.130539553685021,1.114232163233541e-208
ENSG00000257446,3.0986163942065565,2.2014817327423172e-17
ENSG00000170293,7.0081604676677705,2.6145584776992823e-11
ENSG00000122574,7.88597663389421,1.5344095907859665e-32
ENSG00000105711,3.0344358269434295,2.0433440582570922e-10
ENSG00000196781,8.78971465341356,2.333886024068153e-117
ENSG00000117114,8.667126206929147,6.173476019551358e-251
ENSG00000104635,2.3842915206781448,0.0
ENSG00000163513,3.258649647329587,2.3704437459876595e-41
ENSG00000233098,5.49829989499353,3.112989652944756e-38
ENSG00000104112,11.262657804093694,4.044980021908197e-15
ENSG00000196724,4.012155916583601,4.388671878699124e-59
ENSG00000130208,4.462053584863996,7.387449127646834e-32
ENSG00000230042,3.0289944250991097,1.5188738293234077e-05
ENSG00000166016,2.056261330190027,1.0504235228861342e-35
ENSG00000146122,5.864432334033531,1.0175377288618981e-16
ENSG00000248587,7.213208673660032,0.005023417116692696
ENSG00000204531,8.76441028504367,7.132337913098988e-205
ENSG00000050165,6.517489194562259,4.099444370075295e-55
ENSG00000116729,2.643393335301102,1.8455375826960145e-05
