,min_dist_self,min_dist_other,quartile_cat_self,quartile_cat_other,log2FoldChange,padj,contrasted_with
ENSG00000227070,0.8169093,8.279712,small,large,-6.437999024616503,0.011187598542100217,H1ESC
ENSG00000252391,0.24858673,1.4176232,small,mid,-2.9982888442773143,0.002476228531344732,H1ESC
ENSG00000259772,0.42128497,2.8356278,small,mid,-7.570895783482538,7.140349811055059e-19,H1ESC
ENSG00000105122,0.23190527,8.717847,small,large,-9.242555780837646,1.871907749709438e-88,H1ESC
ENSG00000240527,0.2499688,1.966059,small,mid,-6.405578962962289,9.395456365120862e-06,H1ESC
ENSG00000181035,0.3563398,3.9148126,small,large,-2.4182382295051235,9.159482392220758e-48,H1ESC
ENSG00000105810,0.24017851,4.307659,small,mid,-2.833154761763143,0.0,H1ESC
ENSG00000167723,0.09814462,6.2811756,small,large,-3.1959325741508535,1.7938030724465658e-25,H1ESC
ENSG00000273151,0.5427054,3.1014533,small,mid,-4.633152450291525,2.9534937029952276e-05,H1ESC
ENSG00000146232,0.6103158,2.1533074,small,mid,-2.656578669116998,7.9610493823619085e-115,H1ESC
ENSG00000076662,0.36153638,2.2323356,small,mid,-3.834380370137812,3.1261820530180376e-281,H1ESC
ENSG00000123146,0.63804686,2.1580446,small,mid,-5.510245341412882,1.7527314380259336e-57,H1ESC
ENSG00000126353,0.7741408,2.2715662,small,mid,-10.919295733398297,4.1130214786114026e-75,H1ESC
ENSG00000164776,0.09527451,3.5716524,small,mid,-2.088327704070911,0.012325034654011096,H1ESC
ENSG00000154237,0.73406976,1.8282504,small,mid,-4.115155446095949,0.0,H1ESC
ENSG00000142227,0.41972607,4.0509257,small,large,-3.2806214039313497,1.1873612522177014e-124,H1ESC
ENSG00000225335,0.27864185,1.1790198,small,mid,-2.5588721812021666,8.754103839264707e-05,H1ESC
ENSG00000153898,0.712531,13.106581,small,large,-4.533304433753206,7.72141096178591e-296,H1ESC
ENSG00000230155,0.4957143,8.059441,small,large,-6.026125099277974,3.213627313991864e-05,H1ESC
ENSG00000102879,0.47412434,12.828857,small,large,-7.156600465137598,0.0,H1ESC
ENSG00000066336,0.6642886,2.3575222,small,mid,-8.86063339111453,6.142720306251418e-18,H1ESC
ENSG00000285802,0.8605022,1.8360883,small,mid,-4.779055632174239,0.040966718118959584,H1ESC
ENSG00000254777,0.19198085,6.692396,small,large,-7.457155044475386,0.0038375169700810017,H1ESC
ENSG00000221887,0.5472144,7.1025567,small,large,-3.374353010334673,1.8246555469631594e-41,H1ESC
ENSG00000108639,0.6285798,3.242887,small,mid,-3.101174613874277,0.0,H1ESC
ENSG00000118308,0.33793718,3.9879336,small,mid,-11.665549937588073,3.406234603611143e-44,H1ESC
ENSG00000131401,0.76170176,4.0464983,small,large,-12.741545740491423,7.830676328942151e-19,H1ESC
ENSG00000112799,1.005507,9.467963,small,large,-13.382827186508248,3.3297562716803024e-07,H1ESC
ENSG00000276116,0.76238,1.5599234,small,mid,-2.837450162219726,1.4761910252934244e-11,H1ESC
ENSG00000245479,0.23457077,2.4416747,small,mid,-3.86902722567658,0.006366356915569171,H1ESC
ENSG00000010310,0.6069721,4.3489747,small,large,-4.4813426460658246,2.6376876208450803e-67,H1ESC
ENSG00000179583,0.90821207,12.237092,small,large,-9.818815795763262,1.9830381237024783e-119,H1ESC
ENSG00000261114,0.35313976,2.4667459,small,mid,-2.0608994810129997,0.010134154401815898,H1ESC
ENSG00000205593,0.20990154,6.6170464,small,large,-4.44286075568701,4.261077990225244e-85,H1ESC
ENSG00000234494,0.1948831,2.919671,small,mid,-2.6692487677607746,0.0007950906830593437,H1ESC
ENSG00000168404,0.56985015,1.5498828,small,mid,-3.092133233720561,1.095043926917337e-39,H1ESC
ENSG00000023892,0.64469504,6.595417,small,large,-4.191568805464511,7.12906223695954e-196,H1ESC
ENSG00000089639,0.7715993,1.0619084,small,mid,-2.227406989296101,3.7024659329786327e-143,H1ESC
ENSG00000197943,0.74214673,1.1889938,small,mid,-5.525116346095187,0.0,H1ESC
ENSG00000141293,0.7404272,8.165096,small,large,-12.443415586116487,2.065434336014877e-06,H1ESC
ENSG00000167555,0.90474725,1.4243469,small,mid,-4.505338932869795,3.24102648968764e-20,H1ESC
ENSG00000134470,0.51265025,7.2948046,small,large,-3.7727470507660246,5.438245445766377e-26,H1ESC
ENSG00000173221,1.2521142,5.001178,small,mid,-2.318940817441579,2.1720495480787976e-70,H1ESC
ENSG00000042286,0.64219475,5.419608,small,large,-2.9517428516759003,9.264035872032499e-81,H1ESC
ENSG00000136842,0.5685965,7.52495,small,large,-5.228656980947218,1.4389608051941453e-150,H1ESC
ENSG00000126391,0.751864,5.1265254,small,large,-2.0645848847497863,1.8514176383502407e-108,H1ESC
ENSG00000136286,0.23854078,1.4628913,small,mid,-9.938189000404481,1.7811672340952597e-220,H1ESC
ENSG00000070190,0.47485214,2.0802414,small,mid,-13.703561261848748,1.7194895029257355e-07,H1ESC
ENSG00000173432,0.48224986,5.848791,small,large,-7.739134398990461,0.0027744145278797393,H1ESC
ENSG00000106153,0.0073632817,3.5752184,small,mid,-2.9213327611256226,0.0,H1ESC
ENSG00000006062,0.9053318,1.4189202,small,mid,-2.5954300949006157,2.887026073186348e-125,H1ESC
ENSG00000180628,0.2545905,17.652775,small,large,-4.262453588159783,1.6335745602631983e-230,H1ESC
ENSG00000229368,0.63974744,4.7727747,small,large,-2.439118716047848,2.6933670677692855e-06,H1ESC
ENSG00000146112,0.57728475,4.4128895,small,mid,-2.2772693995678552,2.6319115775044933e-174,H1ESC
ENSG00000131979,0.24715637,2.1692615,small,mid,-2.5472071829429273,4.547299132470656e-81,H1ESC
ENSG00000185760,0.8896021,4.234802,small,mid,-2.4372890188381855,1.5798218565960417e-24,H1ESC
ENSG00000169499,0.66226083,2.746808,small,mid,-5.023814766226985,0.0,H1ESC
ENSG00000281501,0.3607525,4.98978,small,mid,-2.395418939110198,1.9390109687331445e-05,H1ESC
ENSG00000137491,0.82817453,10.143137,small,large,-4.351980845366643,9.783792435209406e-05,H1ESC
ENSG00000164916,0.7212419,12.522086,small,large,-2.2876580040816803,8.32564874899951e-214,H1ESC
ENSG00000133328,0.33828682,8.3474455,small,large,-3.6821208525873375,7.128735563613514e-07,H1ESC
ENSG00000174501,0.28973734,2.2796845,small,mid,-2.032424433427899,2.4012930729547575e-36,H1ESC
ENSG00000164088,0.39238203,2.4640088,small,mid,-2.691706151464639,3.230711282600332e-63,H1ESC
ENSG00000069974,0.34503442,11.72652,small,large,-3.2376054752808128,2.410812511968766e-123,H1ESC
ENSG00000156050,0.60277057,2.2830906,small,mid,-2.102847147576168,0.00038997938767471784,H1ESC
ENSG00000115138,0.4280033,7.07906,small,large,-2.1793096242626437,1.0634618656553007e-09,H1ESC
ENSG00000235621,0.23078726,1.559871,small,mid,-6.690366707369514,1.3532291470825886e-14,H1ESC
ENSG00000162927,0.29394302,2.7389464,small,mid,-3.303782441671856,9.90356582866561e-57,H1ESC
ENSG00000177105,0.7325649,1.9255284,small,mid,-2.522582088519541,1.5087598914907453e-124,H1ESC
ENSG00000234883,0.75471056,3.4133604,small,mid,-11.399275606872303,8.083721177453086e-69,H1ESC
ENSG00000157353,0.35943672,4.8859715,small,large,-2.4510138910102617,4.056610378503705e-49,H1ESC
ENSG00000198937,0.8937498,3.2870877,small,mid,-3.0923122646361003,2.919423025532756e-57,H1ESC
ENSG00000136279,0.34940785,8.94283,small,large,-2.310470806754126,5.9435043275619866e-198,H1ESC
ENSG00000223745,0.44759724,2.1600106,small,mid,-2.362824188552129,1.3443156414686591e-42,H1ESC
ENSG00000284882,0.4374394,2.3931177,small,mid,-4.673858853310359,2.4889160396596116e-05,H1ESC
ENSG00000175779,0.37272143,13.052539,small,large,-5.089636722539131,0.03361169214879637,H1ESC
ENSG00000255693,0.5758735,1.5984645,small,mid,-7.0913265876634455,8.463624383191039e-07,H1ESC
ENSG00000261471,0.3455755,2.0253584,small,mid,-5.874469755839747,5.1089327356884545e-05,H1ESC
ENSG00000169193,0.33740175,7.571053,small,large,-2.1612294619995858,1.1729254339587101e-27,H1ESC
ENSG00000101160,1.0303856,5.4146495,small,large,-3.115297837999765,1.3722025688024108e-306,H1ESC
ENSG00000206028,0.575179,3.3649497,small,mid,-3.791717185332019,0.0007703780115903199,H1ESC
ENSG00000271933,0.32230878,1.9488193,small,mid,-2.057639825171201,0.027014847790116706,H1ESC
ENSG00000168297,0.33686745,3.8167274,small,mid,-2.3170616629747203,2.4455667318103426e-57,H1ESC
ENSG00000276231,1.0889457,7.147432,small,large,-8.906647571671805,2.929167838189688e-121,H1ESC
ENSG00000255733,0.9171379,12.6178055,small,large,-7.171668027521966,0.005265175529231812,H1ESC
ENSG00000012779,0.53154325,10.347507,small,large,-5.612674867321958,4.936993844650502e-181,H1ESC
ENSG00000111679,0.42766502,5.2287745,small,mid,-4.459392985009268,0.0,H1ESC
ENSG00000173208,0.6366002,7.1028156,small,large,-8.523255575528623,1.914881174986711e-38,H1ESC
ENSG00000099992,0.45265412,8.191736,small,large,-2.4084534313931787,2.0844477660714998e-30,H1ESC
ENSG00000266865,0.24470764,3.9943564,small,mid,-2.4587424185805045,6.736466708881693e-06,H1ESC
ENSG00000115758,0.9062064,4.99723,small,mid,-2.3687968138536566,0.0,H1ESC
ENSG00000183323,0.47490036,5.2748814,small,mid,-8.530933027390079,1.130071628363065e-16,H1ESC
ENSG00000231999,0.28670302,18.929502,small,large,-2.10708571448465,0.004431373541869382,H1ESC
ENSG00000134802,0.32913673,4.066538,small,mid,-2.6969905320519145,2.1037091310049183e-135,H1ESC
ENSG00000253633,0.27557302,1.9906907,small,mid,-3.3329072431410065,0.0002262361559678427,H1ESC
ENSG00000275410,0.921221,7.0135756,small,large,-4.715677038770525,5.798614660682575e-12,H1ESC
ENSG00000100299,0.31320974,4.22489,small,large,-2.0206104082218395,2.4809161594828967e-38,H1ESC
ENSG00000162542,0.5036255,14.462849,small,large,-2.6517485125295113,2.744816920837408e-49,H1ESC
ENSG00000076641,0.9104225,16.950289,small,large,-8.639841433371945,7.990306605903421e-164,H1ESC
ENSG00000140577,0.3319005,6.9638405,small,large,-3.1592005732657396,8.264204843606587e-167,H1ESC
ENSG00000182054,1.1314682,9.516256,small,large,-2.462085501629281,7.857407146781145e-207,H1ESC
ENSG00000175482,0.86283946,1.220545,small,mid,-2.3078122543358046,1.144712682102638e-19,H1ESC
ENSG00000277851,0.30189753,15.906639,small,large,-6.516058722481836,0.010427990851851988,H1ESC
ENSG00000135605,0.4175005,17.863747,small,large,-3.622047364399542,1.2028774659527268e-94,H1ESC
ENSG00000224220,0.2305065,6.1195354,small,large,-9.084649138353274,2.3822960587442753e-10,H1ESC
ENSG00000264278,0.71584666,8.066381,small,large,-3.394714221718345,1.1288642339608555e-08,H1ESC
ENSG00000187510,0.32895988,14.329872,small,large,-8.015931459848897,0.0019823997921760393,H1ESC
ENSG00000130429,0.84677714,4.2920885,small,mid,-2.5631420458761136,6.595066034413088e-45,H1ESC
ENSG00000077420,0.6249047,15.104347,small,large,-10.640328859136151,5.643132824008564e-37,H1ESC
ENSG00000081189,0.3722724,10.576551,small,large,-8.21398211460701,0.0,H1ESC
ENSG00000221963,0.3605738,5.049526,small,large,-7.3252928725234865,7.670192782196881e-154,H1ESC
ENSG00000198833,0.43990996,5.4137435,small,large,-2.964802221577847,0.0,H1ESC
ENSG00000247121,0.3644693,14.416758,small,large,-3.6705606592625126,6.17050440110203e-13,H1ESC
ENSG00000110057,0.8835451,1.558372,small,mid,-2.376479706402135,1.2471017661868495e-125,H1ESC
ENSG00000114480,0.49029008,19.285574,small,large,-2.9855861855730454,5.564760329156299e-141,H1ESC
ENSG00000160216,0.529048,6.1430144,small,large,-4.48635696934822,0.0,H1ESC
ENSG00000253824,0.48786724,12.109175,small,large,-3.5507658734183645,0.010100532449711212,H1ESC
ENSG00000196684,0.7708783,0.9604702,small,mid,-7.040528363489006,9.515003127869234e-154,H1ESC
ENSG00000105928,0.7194208,9.025744,small,large,-4.428460965200622,0.0,H1ESC
ENSG00000072818,0.54202443,1.220249,small,mid,-2.6805094167139876,6.751594880538047e-253,H1ESC
ENSG00000200502,0.8528608,15.730211,small,large,-2.674729887114934,0.001662220599936367,H1ESC
ENSG00000151093,0.21788865,8.313338,small,large,-3.15230046028681,8.918444471569872e-26,H1ESC
ENSG00000258760,0.30043706,7.932243,small,large,-8.918587534534092,0.0006158215744845703,H1ESC
ENSG00000176472,0.3723634,2.1788943,small,mid,-4.400052122355065,3.666081825560662e-06,H1ESC
ENSG00000129993,0.6584901,18.98618,small,large,-4.8107473674176005,9.449908305191199e-43,H1ESC
ENSG00000259248,0.69020915,2.915681,small,mid,-2.1883824737924704,0.00010206844329031175,H1ESC
ENSG00000178878,0.7475398,6.340751,small,large,-3.6965791759969746,6.268918221646306e-31,H1ESC
ENSG00000264773,0.7947802,6.8780975,small,large,-6.483332462238802,0.010705006458222501,H1ESC
ENSG00000103187,0.8830485,1.0405593,small,mid,-2.2740487965601908,0.0,H1ESC
ENSG00000137166,0.5106504,4.6090226,small,mid,-2.0358937427535277,8.076814225807755e-113,H1ESC
ENSG00000144746,0.6033572,5.6348195,small,large,-2.0162855039912886,4.0867172900680975e-121,H1ESC
ENSG00000162924,0.34170476,15.6274805,small,large,-3.1424605476061576,6.100804824416569e-238,H1ESC
ENSG00000133321,0.26971337,1.4130245,small,mid,-2.114400799743672,5.997863103783915e-08,H1ESC
ENSG00000069943,0.34503442,11.72652,small,large,-2.282473805376372,1.2685158303162892e-27,H1ESC
ENSG00000100351,0.4681507,8.360915,small,large,-11.652701814216199,5.007364684020751e-16,H1ESC
ENSG00000265458,0.5833975,2.7386692,small,mid,-2.1254218121545034,0.0013773112248812766,H1ESC
ENSG00000261360,1.2832768,8.151705,small,mid,-2.422698943857177,5.865731851374795e-06,H1ESC
ENSG00000213965,0.21137474,4.8669815,small,large,-2.9975169602815344,5.87406714617193e-69,H1ESC
ENSG00000126860,0.48826653,10.823059,small,large,-11.202709361099851,1.7334302942108597e-05,H1ESC
ENSG00000105639,0.35762557,2.687376,small,mid,-4.272885884253472,0.0,H1ESC
ENSG00000134330,0.2889688,2.9211624,small,mid,-2.2277154095325447,1.808757758187887e-49,H1ESC
ENSG00000243811,0.4480909,2.0166128,small,mid,-2.8522942901795862,4.77488356060784e-12,H1ESC
ENSG00000137507,0.96210676,2.6876276,small,mid,-5.031283865188882,1.1936473708375395e-83,H1ESC
ENSG00000112149,0.42993888,4.3172503,small,mid,-4.208479082700188,0.0,H1ESC
ENSG00000171488,0.28670302,18.929502,small,large,-2.635270952212532,3.1326578652604387e-77,H1ESC
ENSG00000100055,0.61284804,6.574677,small,large,-9.60563021045596,7.089226433681793e-21,H1ESC
ENSG00000232613,0.28622472,5.170236,small,mid,-2.3366734674859426,0.040585652156031285,H1ESC
ENSG00000248309,0.1739465,10.7719145,small,large,-3.353368135342245,1.7521544612279603e-16,H1ESC
ENSG00000080503,0.27397984,3.39936,small,mid,-4.715078694100526,0.0,H1ESC
ENSG00000235989,0.83140326,1.4267505,small,mid,-5.676432994126505,8.830954533215165e-05,H1ESC
ENSG00000154655,0.19938934,4.4304237,small,mid,-2.3007168073667907,6.203657919533096e-21,H1ESC
ENSG00000142634,0.54262304,1.4806465,small,mid,-2.511647549786889,2.8292723601523125e-199,H1ESC
ENSG00000108669,0.88828117,9.978985,small,large,-3.704227570905238,0.0,H1ESC
ENSG00000132510,1.0468721,4.0220366,small,large,-2.8987538586152963,1.5714079228306857e-113,H1ESC
ENSG00000104490,0.4238327,6.244234,small,large,-4.524986407771292,3.6550312683142e-156,H1ESC
ENSG00000141506,0.45326546,8.265791,small,large,-3.884071903051027,9.345298052474794e-236,H1ESC
ENSG00000136305,0.93299127,2.6579437,small,mid,-7.7425251194512805,7.089739826981637e-08,H1ESC
ENSG00000196126,0.49133393,3.85626,small,mid,-7.520208889995757,0.0,H1ESC
ENSG00000152229,0.9000728,2.0166683,small,mid,-3.4974584037815,7.621581762278086e-89,H1ESC
ENSG00000170004,0.3461053,7.5764866,small,large,-2.84808022773309,0.0,H1ESC
ENSG00000120860,0.28891245,5.7793827,small,large,-2.066473448326474,3.343380045773467e-16,H1ESC
ENSG00000169442,0.24354047,4.161471,small,large,-7.8405092423011835,4.999785140966075e-32,H1ESC
ENSG00000165025,0.67032886,4.692813,small,mid,-5.073177394531935,0.0,H1ESC
ENSG00000101017,0.5828547,3.8291814,small,mid,-3.3078427877527865,6.768366857705707e-189,H1ESC
ENSG00000237181,0.45237055,6.987984,small,large,-9.705158547270731,0.00020185723191926176,H1ESC
ENSG00000114166,0.6568959,6.8201575,small,large,-4.04466400500024,1.5744216120687222e-71,H1ESC
ENSG00000139192,0.21752037,3.9585965,small,mid,-6.337030203563815,7.226614996419495e-60,H1ESC
ENSG00000116704,0.29340944,1.1560433,small,mid,-2.0099388416705737,1.2222103760295019e-44,H1ESC
ENSG00000184979,0.02856661,2.6446443,small,mid,-3.8695424762132187,4.7943462828480586e-70,H1ESC
ENSG00000100298,0.67188835,2.4811392,small,mid,-4.757636877935693,2.267307461186435e-15,H1ESC
ENSG00000185043,0.37378132,4.8757296,small,mid,-2.0482210161275507,1.8372575044769278e-60,H1ESC
ENSG00000125657,0.49286354,7.159636,small,large,-5.400905239215446,2.405581803237809e-151,H1ESC
ENSG00000005844,0.62423563,7.2936354,small,large,-13.540225707304742,5.05449336011839e-21,H1ESC
ENSG00000113532,0.392605,51.787045,small,large,-5.966077706623799,5.135078035997732e-113,H1ESC
ENSG00000247774,0.24120674,1.5701557,small,mid,-10.281855669675053,8.426629982722282e-05,H1ESC
ENSG00000167984,0.3132204,2.3564718,small,mid,-6.6610966638619455,1.7151384192864835e-99,H1ESC
ENSG00000104921,0.8586223,5.567346,small,large,-11.77878590011822,2.7067943889030263e-59,H1ESC
ENSG00000259583,0.73406976,1.8282504,small,mid,-3.637692946131231,3.165640756869052e-13,H1ESC
ENSG00000104432,0.26030904,9.791257,small,large,-5.3072698651372905,5.002703960914277e-09,H1ESC
ENSG00000185518,0.3298174,10.608837,small,large,-2.7611877676268346,2.4535841218192548e-12,H1ESC
ENSG00000101336,0.8551072,7.697012,small,large,-5.331328850926175,6.028878848487613e-66,H1ESC
ENSG00000028137,0.36739323,1.5048316,small,mid,-5.136600222340997,3.599715373139603e-297,H1ESC
ENSG00000135318,0.51438445,31.255713,small,large,-2.8304776016282163,5.913989575004242e-31,H1ESC
ENSG00000272182,0.5024609,2.4548101,small,mid,-4.1904501827714515,0.0036019507526411183,H1ESC
ENSG00000027075,0.38933396,9.155732,small,large,-3.03143969536751,9.297231294698701e-111,H1ESC
ENSG00000112992,0.50508857,7.848293,small,mid,-2.0462057073163678,1.1870293688712155e-109,H1ESC
ENSG00000271614,0.8383783,1.8868352,small,mid,-2.872429737170259,2.2760718527724405e-11,H1ESC
ENSG00000082293,0.543591,13.603411,small,large,-8.614930495480111,1.9034151036059356e-09,H1ESC
ENSG00000145246,0.6425075,4.5243063,small,mid,-2.7164046972062867,3.4350583323980518e-93,H1ESC
ENSG00000269720,0.2093356,0.98209,small,mid,-3.943833062652987,5.186650954801561e-05,H1ESC
ENSG00000172575,0.5693806,4.324171,small,mid,-3.8377637779960883,3.6525437681475826e-135,H1ESC
ENSG00000033170,0.36106205,1.6622672,small,mid,-2.35384137018357,9.087216777140332e-152,H1ESC
ENSG00000167483,0.41803932,2.6885147,small,mid,-7.894863267184661,4.330473965029978e-105,H1ESC
ENSG00000168675,0.36073688,4.5671673,small,mid,-3.305179800053906,9.99905876961648e-43,H1ESC
ENSG00000136936,0.21887451,2.8043149,small,mid,-2.190582435603513,2.3173750202957675e-16,H1ESC
ENSG00000259712,0.26494497,8.292984,small,large,-7.792315471575515,0.0026256972266858344,H1ESC
ENSG00000275074,0.27744895,7.6490674,small,large,-4.008224705362148,2.115770224363742e-40,H1ESC
ENSG00000183011,0.3461053,7.5764866,small,large,-2.383562874603788,4.2596671736115034e-55,H1ESC
ENSG00000112561,0.69144803,7.8151135,small,large,-5.567871242228285,1.1418510298799652e-226,H1ESC
ENSG00000247287,0.53213793,38.604954,small,large,-3.2180399360026213,0.00426334632828192,H1ESC
ENSG00000205056,0.3548883,34.38053,small,large,-5.204059803951777,1.1657314202732267e-23,H1ESC
ENSG00000169413,0.68841845,2.0204673,small,mid,-7.7163813178373815,9.489094925973306e-14,H1ESC
ENSG00000234745,0.38620168,2.28343,small,mid,-5.10193634427259,0.0,H1ESC
ENSG00000020633,0.29870576,6.748918,small,large,-8.233483056849856,2.3329121293693652e-266,H1ESC
ENSG00000229839,0.78806436,10.288983,small,large,-2.947783839161382,0.007496911981123646,H1ESC
ENSG00000272269,0.68066216,3.5101264,small,mid,-3.5749237808713965,7.171982289906597e-31,H1ESC
ENSG00000200156,0.4183252,3.5121133,small,mid,-2.0169317807202947,8.133594187228186e-09,H1ESC
ENSG00000279570,0.811988,1.290506,small,mid,-2.642839969734019,1.9855534633435957e-05,H1ESC
ENSG00000113441,0.3644693,14.416758,small,large,-3.7570500738576484,0.0,H1ESC
ENSG00000196092,0.2765351,7.4642224,small,large,-9.272848069326553,5.507636069855133e-241,H1ESC
ENSG00000215183,0.26052907,2.6010635,small,mid,-2.052537859416099,0.014615419555658204,H1ESC
ENSG00000140853,0.27986258,8.723483,small,large,-5.470983069295008,0.0,H1ESC
ENSG00000259479,0.8228098,8.020032,small,large,-3.333081832653272,1.244806657466159e-35,H1ESC
ENSG00000100628,0.6390719,3.914787,small,mid,-5.945327774794045,9.037693581671665e-122,H1ESC
ENSG00000084070,0.52226275,2.28036,small,mid,-4.841498676203858,0.0,H1ESC
ENSG00000175567,0.33558056,3.5661368,small,mid,-2.6787568362643324,6.172089786808176e-216,H1ESC
ENSG00000232124,0.22258377,3.5051403,small,mid,-6.13751684294008,0.014880591450537453,H1ESC
ENSG00000139193,0.2329672,6.309795,small,large,-9.737398615228967,9.252060742385756e-41,H1ESC
ENSG00000251002,0.7787551,13.707775,small,large,-10.31351304162048,8.072789380090316e-05,H1ESC
ENSG00000205683,0.7082503,2.3191853,small,mid,-4.555694076640663,1.838161573489386e-15,H1ESC
ENSG00000127124,0.38738215,18.257214,small,large,-5.790216035210041,7.167255986769913e-180,H1ESC
ENSG00000078900,0.49906194,6.132248,small,large,-4.7674607254274255,0.0,H1ESC
ENSG00000187688,0.49570572,3.3488178,small,mid,-6.236942389161692,1.0929611406560591e-173,H1ESC
ENSG00000198399,0.4201858,9.958363,small,large,-2.37461697841635,3.778600708499215e-176,H1ESC
ENSG00000134324,0.8611948,1.4458913,small,mid,-2.9075811025210587,6.093620492195564e-245,H1ESC
ENSG00000258561,0.40295747,4.0948324,small,mid,-3.1949776681524966,0.0001524912935752615,H1ESC
ENSG00000136048,0.29725793,11.6345005,small,large,-2.6999909768705015,1.882751189003896e-92,H1ESC
ENSG00000132274,0.5986496,4.774834,small,large,-2.3480593197086423,6.455749012085318e-200,H1ESC
ENSG00000264739,0.53984773,3.478568,small,mid,-6.256353546950197,0.013231505109946279,H1ESC
ENSG00000124151,0.2880435,8.243605,small,large,-2.39125074963318,0.0,H1ESC
ENSG00000100911,0.38297677,2.9401376,small,mid,-2.5980155729933676,1.1963475771994224e-241,H1ESC
ENSG00000104894,0.43976924,1.8857433,small,mid,-11.06409120068272,1.8660493352006062e-52,H1ESC
ENSG00000167323,0.63974744,4.7727747,small,large,-2.677496744205653,1.6473789175605785e-184,H1ESC
ENSG00000078401,0.25440928,1.9077338,small,mid,-2.0412451497423265,5.049108863034163e-08,H1ESC
ENSG00000259003,0.1691696,2.142047,small,mid,-3.45192364008544,0.0024447492578629727,H1ESC
ENSG00000213462,0.25658435,61.46633,small,large,2.0516359492233995,1.70354275451735e-16,HFFC6
ENSG00000023445,0.8019591,9.084601,small,large,7.639753590794394,1.0613179355382268e-234,HFFC6
ENSG00000168389,0.43382537,5.6746254,small,large,2.446122642936071,3.9816541735451587e-41,HFFC6
ENSG00000267278,0.3560054,6.7262526,small,large,3.121935814885831,9.231415425202038e-09,HFFC6
ENSG00000173898,0.2781931,11.34848,small,large,2.964192689136889,1.5011631285085914e-06,HFFC6
ENSG00000280332,0.71105516,5.716804,small,large,2.0017852539653394,0.0005552644148805087,HFFC6
ENSG00000230747,0.4443516,13.751555,small,large,6.413477893179838,7.93158851122808e-09,HFFC6
ENSG00000171105,0.29911458,10.962305,small,large,2.755099299619807,4.752196139260106e-16,HFFC6
ENSG00000228878,0.38070342,3.597387,small,mid,2.5220421807985502,0.0009085184663955252,HFFC6
ENSG00000074370,0.4150259,11.900373,small,large,9.768160115738471,2.451481915731571e-145,HFFC6
ENSG00000147485,0.92136407,6.007221,small,mid,4.599719519603798,6.153031426664007e-07,HFFC6
ENSG00000164236,0.6816305,3.2805827,small,mid,2.4960636659904245,1.7938748964385703e-15,HFFC6
ENSG00000129535,0.25528073,3.076801,small,mid,2.1164406934917714,1.3072161163411682e-05,HFFC6
ENSG00000103037,0.6492117,2.9020517,small,mid,2.735527808697486,3.968868529048456e-14,HFFC6
ENSG00000176533,0.35463133,11.480978,small,large,6.5046553667467455,3.5539853606521283e-63,HFFC6
ENSG00000258875,0.2678872,2.356553,small,mid,5.683702540549597,6.585593210196465e-07,HFFC6
ENSG00000159023,0.216693,1.9291644,small,mid,3.3102492137839827,1.0427085962302324e-16,HFFC6
ENSG00000129173,0.28918052,4.3819485,small,mid,2.7931831968157503,1.4644893136523216e-22,HFFC6
ENSG00000140030,0.3797517,3.9007816,small,mid,5.295097343807466,9.95713718792521e-05,HFFC6
ENSG00000285744,0.26030904,13.180221,small,large,7.515113959149737,2.619707401211343e-07,HFFC6
ENSG00000048462,0.86743516,4.0331974,small,mid,10.109274142000652,3.4164804947015496e-32,HFFC6
ENSG00000012124,0.8053025,10.860534,small,large,10.728985994247626,2.466884816940985e-139,HFFC6
ENSG00000204475,0.98134154,3.6441424,small,mid,11.288252138961857,1.108653367119633e-06,HFFC6
ENSG00000100297,0.59505415,9.676043,small,large,2.056370028107496,1.3991980982063609e-12,HFFC6
ENSG00000151883,0.011212635,27.300522,small,large,2.5966301331505535,0.010705241549060824,HFFC6
ENSG00000138346,0.2901837,8.245995,small,large,2.114988618670307,9.108853886883894e-28,HFFC6
ENSG00000183486,0.73250335,15.979492,small,large,8.791047746241949,2.4910530976642013e-77,HFFC6
ENSG00000108984,0.22528735,12.087971,small,large,5.260717200256578,5.0561945432832465e-08,HFFC6
ENSG00000198885,0.44629398,14.219477,small,large,4.999185951189848,3.7387600576145495e-100,HFFC6
ENSG00000107736,0.43330368,4.3384414,small,mid,3.0777971890298397,0.0008867846926576394,HFFC6
ENSG00000108960,0.59041387,3.1096401,small,mid,2.5656873155253734,5.38817776824076e-23,HFFC6
ENSG00000254936,0.51619416,19.976149,small,large,3.0054240253797317,0.0007599300385513556,HFFC6
ENSG00000263004,0.64093834,17.01975,small,large,3.5375268252643868,3.6582854411882897e-06,HFFC6
ENSG00000109107,0.5694307,8.960382,small,large,2.304366646184764,1.9222787116607937e-35,HFFC6
ENSG00000267040,0.27679127,2.843479,small,mid,2.265167020932123,8.625944549588908e-05,HFFC6
ENSG00000228113,0.66176695,22.866507,small,large,3.1410355874598705,0.03311671566770577,HFFC6
ENSG00000249850,0.4581884,4.1341643,small,mid,2.0301284951415797,6.693302424051882e-05,HFFC6
ENSG00000262943,0.6448399,7.4366207,small,large,5.12812515086498,0.04045112420967539,HFFC6
ENSG00000138621,0.43304786,2.3191636,small,mid,2.085683210284695,3.5882055964345404e-27,HFFC6
ENSG00000157570,0.9096357,12.115724,small,large,5.751459437267945,0.00015881359187571632,HFFC6
ENSG00000182183,0.87503606,7.886179,small,large,4.941337575282605,0.04703966357841459,HFFC6
ENSG00000263412,0.45568046,3.1573586,small,mid,2.1231130968679266,6.914611433185115e-05,HFFC6
ENSG00000076826,0.27983078,9.081845,small,large,11.51261029435269,6.302970568082806e-07,HFFC6
ENSG00000197279,0.49132866,5.816836,small,mid,3.4540856551251697,2.688688278056206e-10,HFFC6
ENSG00000135439,0.5802091,7.4464817,small,large,7.256259140074195,5.34184310842736e-102,HFFC6
ENSG00000261448,0.19309337,12.624395,small,large,7.972712825969308,0.0010846698981167757,HFFC6
ENSG00000161929,0.99499476,3.1331506,small,mid,15.291304154023837,1.2518359788209813e-11,HFFC6
ENSG00000251364,0.5466045,2.446989,small,mid,4.314785477253751,9.122066706819048e-15,HFFC6
ENSG00000185862,1.0974919,3.6694088,small,mid,5.9154237380497,4.045033723466297e-52,HFFC6
ENSG00000279369,0.376585,10.316914,small,large,4.864142477508617,2.8869159680526996e-39,HFFC6
ENSG00000139116,0.3502259,143.70197,small,large,3.79297891057478,5.721610966806568e-08,HFFC6
ENSG00000177842,0.23742875,18.63868,small,large,2.183545599246918,8.792621263594951e-10,HFFC6
ENSG00000281103,0.33214915,7.6117854,small,mid,6.6973991346485535,3.8870077853831586e-17,HFFC6
ENSG00000076554,0.67513776,6.79041,small,mid,9.955526542348258,9.155547714798625e-41,HFFC6
ENSG00000224875,0.3043511,7.1278505,small,mid,3.2694217282972198,0.00013157486687220043,HFFC6
ENSG00000247982,0.31335625,2.3536527,small,mid,5.781511369213303,1.0197813663710921e-61,HFFC6
ENSG00000134107,0.5075239,3.8614662,small,mid,3.0419275664084893,4.3461297498720077e-75,HFFC6
ENSG00000159314,1.0230228,3.4126508,small,mid,3.9493211044152225,2.2161732301463348e-60,HFFC6
ENSG00000278829,0.34409785,2.7248611,small,mid,2.315840758307534,0.00043637587731202394,HFFC6
ENSG00000100784,0.433598,12.627216,small,large,3.4411584307091534,7.051688503884603e-26,HFFC6
ENSG00000138821,0.47970307,9.420963,small,large,5.199800201693987,8.691408809970815e-09,HFFC6
ENSG00000183484,0.8377031,8.445961,small,large,8.899134172218645,1.5833011057986109e-74,HFFC6
ENSG00000244627,0.8926625,15.798606,small,large,3.0601302552402347,6.964962303780294e-14,HFFC6
ENSG00000092929,0.95546156,6.293841,small,mid,7.99847416788801,5.76253086007655e-134,HFFC6
ENSG00000108576,0.15306412,16.548908,small,large,11.846657957455314,2.7587299851317016e-07,HFFC6
ENSG00000244119,0.44302046,7.1737695,small,mid,2.1911458767209226,0.02981173613887749,HFFC6
ENSG00000125910,0.40467155,4.204871,small,mid,13.203483414103177,7.263613446134373e-09,HFFC6
ENSG00000185015,0.68575835,57.03543,small,large,2.2563062840056136,1.3457999894712418e-05,HFFC6
ENSG00000254325,0.38642812,6.113469,small,mid,2.3942286015966596,0.003979718114181344,HFFC6
ENSG00000126561,0.7260743,5.900602,small,mid,7.154739697307592,4.6474564583914166e-212,HFFC6
ENSG00000235499,0.51982105,8.657127,small,large,2.998274109469103,1.8408063049186616e-15,HFFC6
ENSG00000130592,0.31758285,5.961277,small,large,11.566258778326127,1.2926486303074404e-116,HFFC6
ENSG00000234911,0.35599804,6.5869317,small,large,2.238684725397168,1.6351784444001912e-05,HFFC6
ENSG00000274290,0.33623195,3.9262152,small,mid,2.346681837853321,0.0006036552783708136,HFFC6
ENSG00000247708,0.32529908,7.3405676,small,mid,2.104557424809079,2.8395659713729304e-09,HFFC6
ENSG00000187605,0.51982105,8.657127,small,large,2.7196629923423825,3.44658139337787e-107,HFFC6
ENSG00000260671,0.4323145,8.394676,small,large,2.5085332780384766,0.0029675995621646868,HFFC6
ENSG00000183785,0.048696198,9.699406,small,large,4.497369592354298,4.738669928584358e-08,HFFC6
ENSG00000238961,0.9540735,6.007345,small,mid,2.441707636289304,0.0045328440969364895,HFFC6
ENSG00000284634,0.3467177,21.286264,small,large,2.192370116779228,0.03328804591015764,HFFC6
ENSG00000141384,0.27698335,7.0320954,small,mid,2.5170777953054673,1.181675971140962e-31,HFFC6
ENSG00000125457,0.73868906,5.0485816,small,mid,2.0308335989199424,2.5364132222247226e-28,HFFC6
ENSG00000225519,0.713561,6.0217133,small,large,3.584888734127252,0.004721161731285907,HFFC6
ENSG00000008277,0.9443009,22.694572,small,large,7.425471869006145,2.5298492396798155e-58,HFFC6
ENSG00000251301,0.21728803,2.2920291,small,mid,7.979655441684055,0.00105114978621012,HFFC6
ENSG00000111266,0.3134122,2.826869,small,mid,2.5302200795990943,1.6345747321797704e-53,HFFC6
ENSG00000175130,0.3022992,3.5747201,small,mid,4.1037216922603506,2.486741455884887e-75,HFFC6
ENSG00000265817,0.39955917,4.753534,small,mid,2.0416271480075467,0.0017377261403805082,HFFC6
ENSG00000184602,0.7863127,4.5925546,small,mid,2.514172036324679,3.555522338353946e-30,HFFC6
ENSG00000162433,0.59544504,11.200667,small,large,4.2223763064181705,7.04521759391868e-05,HFFC6
ENSG00000170915,0.5774988,8.545966,small,large,2.4134741642075217,7.54391996403459e-42,HFFC6
ENSG00000198805,0.28449395,10.446481,small,large,2.1050269237959687,1.9894064883011795e-21,HFFC6
ENSG00000140451,0.7863882,6.203824,small,large,2.297696966601566,9.214365908255483e-16,HFFC6
ENSG00000166387,0.5466045,2.446989,small,mid,2.850254183916077,7.72361739196609e-57,HFFC6
ENSG00000089558,0.68949354,5.261341,small,mid,3.5081268147954687,0.005957080063551446,HFFC6
ENSG00000183049,0.30727074,15.97441,small,large,5.514567239707237,3.2912229601621824e-11,HFFC6
ENSG00000261251,0.53936476,10.274282,small,large,2.304651034164422,0.0007412426359821423,HFFC6
ENSG00000205045,0.6421362,3.792337,small,mid,7.306855256136436,7.450470740165401e-39,HFFC6
ENSG00000225889,0.85420626,6.1683745,small,mid,8.680711415496141,1.5871831112309691e-09,HFFC6
ENSG00000205269,0.4250479,11.163669,small,large,5.17043408699875,6.492707033636476e-79,HFFC6
ENSG00000056736,0.8107313,8.807383,small,large,7.406898821830924,5.112393833815058e-07,HFFC6
ENSG00000196730,0.4006797,18.928417,small,large,7.672622717607034,3.469001856324232e-227,HFFC6
ENSG00000253214,0.5681415,14.498177,small,large,8.3347048533199,0.000585054275338265,HFFC6
ENSG00000150995,0.25930363,10.732571,small,large,2.5474967252027056,4.284672673754213e-65,HFFC6
ENSG00000146192,0.627339,7.1701665,small,mid,10.210301159551571,1.1343471466752228e-52,HFFC6
ENSG00000214212,0.76856786,7.266103,small,large,3.343212505465773,2.136528393346378e-11,HFFC6
ENSG00000133740,0.42767417,58.040874,small,large,2.719718393026637,2.4609113256451988e-14,HFFC6
ENSG00000254995,0.36760437,3.5165884,small,mid,3.5270349511978534,5.154623918387461e-08,HFFC6
ENSG00000284428,0.023080014,11.102264,small,large,2.0258270091574913,1.4933723378581894e-10,HFFC6
ENSG00000269609,0.5034482,7.51972,small,large,4.073968175038227,1.4547269327194083e-55,HFFC6
ENSG00000140379,0.49588868,6.434088,small,large,15.018768762883797,3.201908635121048e-11,HFFC6
ENSG00000271503,0.28664783,9.276624,small,large,9.502720059505759,2.5726144025340808e-36,HFFC6
ENSG00000205786,0.42736068,12.1328335,small,large,7.184931213963116,0.003807972482665612,HFFC6
ENSG00000156869,0.6098718,7.412255,small,large,4.138403596766025,1.270007479262162e-40,HFFC6
ENSG00000229474,0.7652451,2.3832555,small,mid,6.541848476181328,4.892611223701129e-26,HFFC6
ENSG00000156398,0.25464097,2.6449523,small,mid,2.38601576330184,3.589248314928948e-36,HFFC6
ENSG00000163666,0.25352228,12.227835,small,large,3.8524279545585287,1.405670518319994e-06,HFFC6
ENSG00000273045,0.35959935,17.832308,small,large,3.6110073210897093,0.003716009429300903,HFFC6
ENSG00000127561,0.43512917,2.988925,small,mid,3.1462141221361044,8.91175004179171e-31,HFFC6
ENSG00000235978,0.4063969,11.348458,small,large,3.549102916338089,0.006964482745539747,HFFC6
ENSG00000232104,0.68541217,12.888015,small,large,3.3900912593665598,5.838056436460558e-10,HFFC6
ENSG00000062822,0.40221435,6.0030394,small,large,2.00301520492996,8.969888531169743e-20,HFFC6
ENSG00000211455,0.94781345,9.972031,small,large,3.0581435853928607,1.1071511528117499e-48,HFFC6
ENSG00000262663,0.32600582,4.4191194,small,mid,2.2636991867899354,0.0009131722919391555,HFFC6
ENSG00000132589,0.7664797,2.60679,small,mid,2.029515801068945,4.257021677006661e-18,HFFC6
ENSG00000272578,0.25592682,12.526071,small,large,2.636359394507362,2.092877437960075e-09,HFFC6
ENSG00000229955,0.9081623,17.257479,small,large,3.683039102323502,0.0005605832389461986,HFFC6
ENSG00000225528,0.293386,8.546197,small,large,6.309795805243062,2.6511495366297736e-05,HFFC6
ENSG00000261008,0.30844206,24.625294,small,large,2.0678010849487003,6.940965428345656e-10,HFFC6
ENSG00000158286,0.5178087,2.0542793,small,mid,2.1318373136448856,7.820698419538189e-13,HFFC6
ENSG00000163376,0.3501391,8.033025,small,large,3.955096106690644,1.626972440787042e-100,HFFC6
ENSG00000189283,0.20270118,5.031843,small,mid,6.027499762249321,5.5215569846763446e-21,HFFC6
ENSG00000213613,0.66193056,2.6585007,small,mid,2.821392338960907,3.668279314842141e-05,HFFC6
ENSG00000206503,0.28977275,6.448285,small,mid,2.397993189564822,4.46659292058003e-47,HFFC6
ENSG00000178445,0.41702342,7.3231225,small,large,9.283026489863765,2.48599275562481e-143,HFFC6
ENSG00000174718,0.3648392,14.93536,small,large,2.5270563037644114,2.969908765252901e-81,HFFC6
ENSG00000106688,0.22983478,4.063638,small,mid,3.831700738337395,2.147120381461692e-35,HFFC6
ENSG00000236924,0.41702342,7.3231225,small,large,8.547213235812245,0.00038174178435003523,HFFC6
ENSG00000152926,0.25658435,61.46633,small,large,2.4335895816641058,2.0288237814554055e-20,HFFC6
ENSG00000255949,0.5842843,8.952173,small,large,5.286138634392043,8.335582381816496e-06,HFFC6
ENSG00000095015,0.550415,3.3573477,small,mid,2.0999000721736327,4.255039514529604e-42,HFFC6
ENSG00000128815,0.51904255,4.0322304,small,mid,13.766371388715546,2.7734843636308043e-40,HFFC6
ENSG00000175265,0.21424094,14.503537,small,large,5.285495932582824,3.248829874421103e-109,HFFC6
ENSG00000139146,0.7201964,14.118911,small,large,2.260863337199052,1.0056488925117322e-25,HFFC6
ENSG00000164985,0.4635014,12.102715,small,large,2.1814147849760688,2.887884954991391e-19,HFFC6
ENSG00000128203,0.48084816,10.963427,small,large,2.396676884161602,6.68919140333506e-16,HFFC6
ENSG00000282989,0.17492348,18.699165,small,large,4.436064296252233,0.004531678831281827,HFFC6
ENSG00000110944,0.53603286,6.4597435,small,large,4.789032541183678,3.7494842580140194e-10,HFFC6
ENSG00000280007,0.43537158,7.3499184,small,large,6.977015438925851,0.0051079312932291905,HFFC6
ENSG00000128340,0.7978929,5.3599305,small,mid,3.2111884509325925,7.82197031340362e-27,HFFC6
ENSG00000263235,0.61144745,8.931565,small,large,2.10523169253004,0.007501503055089279,HFFC6
ENSG00000164199,0.5356591,12.421248,small,large,3.844763468607791,0.00037922478512540165,HFFC6
ENSG00000272677,0.41218266,5.6967883,small,mid,2.4794443080047013,2.253690761018191e-05,HFFC6
ENSG00000188559,0.58419,23.879194,small,large,3.0795134633802945,1.786207828259873e-98,HFFC6
ENSG00000100580,0.6229402,9.520954,small,large,2.169157079364254,5.786235457692273e-54,HFFC6
ENSG00000278231,0.72455096,12.432202,small,large,4.447042349816153,1.5842265136611164e-06,HFFC6
ENSG00000169435,0.7442263,7.572322,small,mid,5.626994399871934,0.00022918789565097578,HFFC6
ENSG00000205268,0.7774047,23.519909,small,large,3.1540288668317684,3.6745177830360596e-106,HFFC6
ENSG00000175322,0.21708965,37.452866,small,large,2.712925940380163,1.2718910688997384e-20,HFFC6
ENSG00000232907,0.5882272,7.4749794,small,large,4.117052199217839,6.766068979582954e-09,HFFC6
ENSG00000213390,0.4833826,5.8952885,small,large,2.2036575873516204,3.9591809993104065e-20,HFFC6
ENSG00000254206,0.37523192,12.561119,small,large,2.934986584594604,7.32473550666471e-09,HFFC6
ENSG00000156509,0.6212558,4.0923743,small,mid,2.080331983764794,2.331904570664199e-06,HFFC6
ENSG00000179361,0.32452598,10.084,small,large,4.082952271543341,1.2585221842589319e-114,HFFC6
ENSG00000252690,0.73770106,16.928204,small,large,2.3700715347335946,9.384060474626955e-10,HFFC6
