,min_dist_other,min_dist_self,quartile_cat_other,quartile_cat_self,log2FoldChange,padj,contrasted_with
ENSG00000173068,40.5345,0.029134894,large,small,5.395484085458725,5.197397237594639e-123,GM12878
ENSG00000147596,3.985755,0.30945665,mid,small,10.21682241151866,8.814274289650037e-45,GM12878
ENSG00000182903,1.3172612,0.6853901,mid,small,2.3985452773062543,2.262213592701982e-178,GM12878
ENSG00000266916,2.6325655,0.26866138,mid,small,3.902244592662524,1.3716905037877192e-05,GM12878
ENSG00000106070,19.83463,0.19926955,large,small,8.232556643499905,1.0369976084268082e-179,GM12878
ENSG00000083307,2.3372297,0.21949558,mid,small,8.186127937145026,4.3564432627875314e-68,GM12878
ENSG00000011028,4.838825,0.56450033,large,small,4.595090974485804,9.610679520604841e-141,GM12878
ENSG00000175274,2.2270691,0.79608065,mid,small,7.079882430520048,2.3564882294226772e-108,GM12878
ENSG00000134042,1.0143439,1.1041409,mid,small,5.205779454960122,2.3792096081494553e-06,GM12878
ENSG00000105641,2.023909,0.5185684,mid,small,4.013590444655398,6.944426155484994e-09,GM12878
ENSG00000018869,1.9654614,0.7838062,mid,small,2.292147660409991,2.662974079730687e-07,GM12878
ENSG00000267454,1.9654614,0.7838062,mid,small,4.332717986324463,4.716194379186088e-07,GM12878
ENSG00000150672,16.212223,0.76068217,large,small,4.8538113026804846,1.253470281713728e-48,GM12878
ENSG00000234690,3.7298195,0.99219894,mid,small,2.4074681193272465,0.0008956541881114725,GM12878
ENSG00000130702,6.7498317,0.031570405,large,small,6.0938649951998505,0.0,GM12878
ENSG00000136425,1.8133187,0.4118373,mid,small,2.298871434692776,8.805458752639848e-54,GM12878
ENSG00000074657,5.0281887,0.43464386,large,small,6.940093926950783,0.0,GM12878
ENSG00000149948,12.3406,0.19265482,large,small,7.404338176474054,0.0,GM12878
ENSG00000172819,5.2448606,0.44845,large,small,2.7735581502513207,6.298164319940463e-115,GM12878
ENSG00000157227,1.355045,0.94005346,mid,small,5.537777624763336,1.3611614102496844e-289,GM12878
ENSG00000124145,5.761759,0.78051263,large,small,4.1992726495274155,2.3712719480812168e-210,GM12878
ENSG00000181885,6.451911,0.8524378,large,small,6.9560813976721745,3.771646004145014e-116,GM12878
ENSG00000183655,11.599454,0.57564586,large,small,2.267626080971572,1.4580437991027138e-50,GM12878
ENSG00000130584,5.400769,0.7127969,large,small,4.304146623828403,2.4708754422001685e-121,GM12878
ENSG00000241832,1.1692997,0.9456453,mid,small,6.063698324445419,0.015782198645378546,GM12878
ENSG00000173281,1.8524737,0.37113738,mid,small,3.099166701915978,2.3132891094514685e-138,GM12878
ENSG00000005108,46.285053,0.58353716,large,small,5.096319652129449,6.17782847326119e-12,GM12878
ENSG00000197077,4.3729634,0.7042831,large,small,5.129734032064124,2.256929559948743e-249,GM12878
ENSG00000204611,1.8891776,0.42565635,mid,small,2.956174959264476,2.2894585339209256e-120,GM12878
ENSG00000172818,2.2304358,1.1714841,mid,small,6.589154443227959,4.990205878082657e-10,GM12878
ENSG00000067141,6.3669496,0.3913263,large,small,6.613635816196636,4.636499651332565e-263,GM12878
ENSG00000131899,4.8940578,0.6954837,large,small,2.640436419139356,1.8263469335177776e-226,GM12878
ENSG00000142627,2.5658002,0.62428266,mid,small,5.7934000747504575,1.8080824797248686e-140,GM12878
ENSG00000078295,45.01057,0.2192664,large,small,10.145993415635317,5.539166865592055e-86,GM12878
ENSG00000176490,5.238159,0.6588388,large,small,6.249265367225757,8.076411931568589e-77,GM12878
ENSG00000039068,2.039745,0.23784412,mid,small,2.391980651366213,3.497568329068546e-189,GM12878
ENSG00000070371,13.913616,0.9814672,large,small,6.228248990354298,3.5553368366841255e-69,GM12878
ENSG00000198722,10.455073,0.24479328,large,small,7.808896646553833,1.0104470947413476e-187,GM12878
ENSG00000124171,5.2865224,0.6193617,large,small,2.850202272645595,6.195009882787728e-120,GM12878
ENSG00000138760,8.479824,0.26644266,large,small,2.0548969422522694,2.847683225551836e-84,GM12878
ENSG00000196411,7.4287286,0.58575934,large,small,6.926914241238824,0.0,GM12878
ENSG00000052344,2.2676778,0.20079157,mid,small,8.476161241588422,2.1134816213931986e-73,GM12878
ENSG00000139946,13.712061,0.3248166,large,small,8.247076123130507,1.687772475792869e-62,GM12878
ENSG00000174516,2.782848,0.5317314,mid,small,2.4672207364467202,4.552364370913731e-17,GM12878
ENSG00000228010,8.789346,0.7831757,large,small,3.081525777583781,0.002403706681068487,GM12878
ENSG00000071575,2.1590376,0.5506615,mid,small,2.5149676059215844,4.118521328443335e-148,GM12878
ENSG00000225761,2.0815098,0.28414458,mid,small,2.5768881055324933,0.005344370271790946,GM12878
ENSG00000233723,18.198019,0.23660015,large,small,5.661323026649918,0.0001063040735799379,GM12878
ENSG00000105655,2.5824516,0.4398037,mid,small,2.1183580862887,8.71790107458778e-141,GM12878
ENSG00000196218,8.007334,0.3268043,large,small,4.598290253955375,1.0516499320186727e-156,GM12878
ENSG00000146700,8.059171,0.8911444,large,small,4.605520226532123,3.3341054251688056e-40,GM12878
ENSG00000162522,7.4852386,0.3364151,large,small,6.567855004191069,4.721770354184083e-289,GM12878
ENSG00000105137,2.3604946,0.4649418,mid,small,8.89291391893449,5.452406521446613e-18,GM12878
ENSG00000103740,1.1847707,0.97022676,mid,small,2.2436498208623608,1.499856365310468e-10,GM12878
ENSG00000104892,1.5004299,0.41362545,mid,small,2.654976900440399,4.305147686410764e-07,GM12878
ENSG00000170703,3.3067443,0.77557,mid,small,4.775283423702753,1.808290103477964e-13,GM12878
ENSG00000162437,13.574497,0.26742294,large,small,5.048270350324308,1.6095267295308101e-112,GM12878
ENSG00000185483,15.990331,0.7068803,large,small,9.124108739049555,2.6121797534249543e-135,GM12878
ENSG00000128849,8.2284975,0.28462714,large,small,9.093763427336384,6.504389460214566e-191,GM12878
ENSG00000179761,1.9358351,0.95495796,mid,small,5.566198959985749,5.067237697152707e-150,GM12878
ENSG00000206557,9.794207,1.2397585,large,small,8.611205267111146,0.0,GM12878
ENSG00000122707,4.6703672,0.3431469,large,small,5.475539640100638,1.0432904555784457e-42,GM12878
ENSG00000198346,7.941243,0.26410592,large,small,2.7546557400676623,1.6870432625164662e-111,GM12878
ENSG00000169862,30.072971,1.8046403,large,small,7.832889697385055,4.099708431629172e-26,GM12878
ENSG00000164181,19.258377,0.18424082,large,small,2.6219710339518603,4.734454924136062e-22,GM12878
ENSG00000254004,2.3934011,0.036257055,mid,small,2.126220404406333,6.125346701424472e-88,GM12878
ENSG00000154639,15.748567,0.3148617,large,small,9.357319651272364,2.1529127233223732e-211,GM12878
ENSG00000180304,2.9402664,0.9671936,mid,small,2.6028707079601925,9.254146078463094e-252,GM12878
ENSG00000172346,6.2086797,0.8483032,large,small,3.852715744663252,1.408128322668785e-10,GM12878
ENSG00000231806,3.6739297,0.4258066,large,small,7.084988409076637,9.609644235051505e-07,GM12878
ENSG00000186868,9.361072,0.6735918,large,small,4.284141814916139,3.2381980820931946e-09,GM12878
ENSG00000172554,29.348614,0.18416575,large,small,8.8935281873957,5.881478714663334e-10,GM12878
ENSG00000073712,2.286474,0.63638365,mid,small,2.0771933111900585,5.641095693200677e-150,GM12878
ENSG00000134769,24.251421,0.16758735,large,small,6.048887378873271,2.332839092631942e-88,GM12878
ENSG00000129538,1.3762479,0.33291915,mid,small,2.312551596732483,0.00020845170796133654,GM12878
ENSG00000164418,9.566902,1.6099468,large,small,6.09044787363388,2.912313672215865e-05,GM12878
ENSG00000073008,3.7840095,0.52669823,large,small,2.142464392750144,8.368012294371006e-30,GM12878
ENSG00000099284,12.025735,0.2808775,large,small,6.7278791429148885,1.1687127778800264e-14,GM12878
ENSG00000223547,2.876334,0.6255505,mid,small,2.4874327937296763,6.356599907135738e-41,GM12878
ENSG00000148948,20.12935,0.78475904,large,small,6.881745886074349,0.007144134688560441,GM12878
ENSG00000171877,6.6493473,0.5299518,large,small,3.5933005855944016,5.726016099811845e-57,GM12878
ENSG00000112655,5.277257,0.4958226,large,small,4.326110730553846,0.0,GM12878
ENSG00000129159,2.1959455,0.2822719,mid,small,6.088028973628156,0.015426921514207024,GM12878
ENSG00000166482,8.702545,0.34754068,large,small,3.47191221103845,1.0864685008567652e-09,GM12878
ENSG00000105278,5.6822624,0.28144467,large,small,5.340960618943943,2.5523944329738745e-22,GM12878
ENSG00000189129,4.099054,0.7981467,large,small,6.914361986346517,1.7672262811040046e-06,GM12878
ENSG00000183230,2.9509768,0.32399574,mid,small,3.147015709025681,4.6950365836857495e-07,GM12878
ENSG00000268218,7.2231035,0.51392424,large,small,3.3332678158400073,0.00027355190353788635,GM12878
ENSG00000223802,6.8437405,0.6703758,large,small,6.587884580424984,5.516102640399229e-10,GM12878
ENSG00000114854,3.2759433,0.62202394,mid,small,4.074522289766443,5.64339830379888e-08,GM12878
ENSG00000173894,5.042213,0.54554874,large,small,3.2534210343900574,0.0,GM12878
ENSG00000166405,7.2448487,0.37682378,large,small,3.059855406516273,6.423176761386493e-39,GM12878
ENSG00000088002,8.157335,0.7464312,large,small,2.501800524373802,0.0074476516783621,GM12878
ENSG00000205090,1.1538475,0.7800851,mid,small,3.74662103003689,2.5844961367429335e-07,GM12878
ENSG00000141447,9.924361,0.31387648,large,small,8.592547924946969,7.516499747105836e-83,GM12878
ENSG00000124104,3.7233143,0.34611556,large,small,3.7906135568921213,5.567756685602813e-50,GM12878
ENSG00000260350,1.2478795,0.5943987,mid,small,3.1506632472953413,7.792195637801049e-05,GM12878
ENSG00000161298,1.2281003,0.65918803,mid,small,2.5375167221455652,8.59804759902168e-11,GM12878
ENSG00000164855,3.7478678,0.7754343,mid,small,3.3768611813803306,3.897010886647428e-07,GM12878
ENSG00000124092,7.5842347,1.0450127,large,small,2.0211280008534542,0.003343389645382277,GM12878
ENSG00000130176,2.3439531,0.8207541,mid,small,5.689055958790853,1.69053053628645e-52,GM12878
ENSG00000077782,9.436304,1.0861305,large,small,8.01268046301389,0.0,GM12878
ENSG00000267270,1.4161258,0.12288333,mid,small,2.2524713723046,1.1083131612263607e-06,GM12878
ENSG00000153048,1.0967225,0.6893796,mid,small,2.1442128716407414,3.275263359519272e-187,GM12878
ENSG00000152953,11.088293,0.28956375,large,small,6.513892463019845,8.402174209953938e-10,GM12878
ENSG00000132000,1.4192538,0.23168583,mid,small,2.959101065526935,0.00819750140947536,GM12878
ENSG00000181982,1.7147909,0.54055434,mid,small,8.421055637965525,4.628528902266123e-09,GM12878
ENSG00000221968,3.475049,0.85626006,large,small,2.344551808838479,3.095995047967454e-52,GM12878
ENSG00000141622,11.212058,0.538321,large,small,7.322601231808897,1.250531379207612e-22,GM12878
ENSG00000164300,2.4374993,0.2855973,mid,small,4.185049708767306,0.0,GM12878
ENSG00000157557,1.2604132,0.359202,mid,small,2.0012443623281326,2.0357542271221432e-83,GM12878
ENSG00000110888,7.150572,0.5717489,large,small,2.4493555518113994,3.792621278296562e-115,GM12878
ENSG00000130545,3.4930856,0.2601761,large,small,4.091350611980049,1.019816388350197e-32,GM12878
ENSG00000125430,2.9452198,0.16698341,mid,small,6.3853794447407966,5.739243211517646e-60,GM12878
ENSG00000183307,7.178421,0.7920891,large,small,6.00489317329447,3.12372988031063e-39,GM12878
ENSG00000249042,1.3141495,0.25633672,mid,small,4.580042425068825,3.3688825447036287e-12,GM12878
ENSG00000119698,4.0422425,0.6569925,large,small,7.320480670000988,1.3010844769316437e-22,GM12878
ENSG00000144712,6.3365393,1.2861978,large,small,2.6196334431213155,5.762062406889388e-34,GM12878
ENSG00000246889,5.529319,0.21783836,large,small,2.808996426885194,0.0012341336387236724,GM12878
ENSG00000196562,1.1076894,0.28616744,mid,small,2.833700848979427,4.76074737540019e-62,GM12878
ENSG00000157613,1.6997029,0.2803878,mid,small,3.306217202361223,1.339479684794239e-41,GM12878
ENSG00000182871,9.31963,0.39065838,large,small,8.37491692410036,0.0,GM12878
ENSG00000079337,3.9972525,1.1027308,large,small,3.379804080348137,1.023888833868645e-31,GM12878
ENSG00000130881,2.3865206,0.49738723,mid,small,2.907553117181675,5.209966204540722e-95,GM12878
ENSG00000151276,184.60757,0.39784014,large,small,7.667088926394304,1.418114729964344e-233,GM12878
ENSG00000273274,5.6260676,0.32422647,large,small,7.08815521020793,3.3083118087186164e-35,GM12878
ENSG00000137501,1.1460317,1.0114055,mid,small,4.183455487850878,4.877955586445336e-40,GM12878
ENSG00000257337,2.0800054,1.3248369,mid,small,2.356818889664583,8.703439160439726e-09,GM12878
ENSG00000111305,16.474924,0.5842562,large,small,6.406735773218146,0.011499390683550532,GM12878
ENSG00000165912,4.222302,0.50831306,large,small,5.751261366977477,6.227159168631103e-92,GM12878
ENSG00000172159,0.91618395,0.5656779,mid,small,2.0151923397893206,6.221439847612116e-05,GM12878
ENSG00000164411,3.0135412,1.3680243,mid,small,6.551360446550073,0.009989762959183706,GM12878
ENSG00000100320,9.129998,0.3059444,large,small,8.193823247839646,2.8875832677894816e-46,GM12878
ENSG00000117906,3.0456522,0.18243495,mid,small,3.5982508763417376,4.2871830804733933e-265,GM12878
ENSG00000140022,4.269453,0.2875583,large,small,7.438383711625984,1.6640436767695433e-91,GM12878
ENSG00000282556,1.6140056,0.71994424,mid,small,3.8911866312966668,0.0006755641638072946,GM12878
ENSG00000170579,8.642401,0.15863845,large,small,2.0309946122875764,1.6074756017763538e-32,GM12878
ENSG00000039560,13.042002,0.388522,large,small,5.838280123987462,0.0,GM12878
ENSG00000181588,6.682211,0.5001927,large,small,3.25558860344172,3.6949566196980315e-216,GM12878
ENSG00000182010,0.8977983,0.20452766,mid,small,8.67597034671469,3.627255991470606e-62,GM12878
ENSG00000144724,4.0865316,0.668147,large,small,4.5368706431166315,0.0,GM12878
ENSG00000183196,2.5769377,0.38962364,mid,small,3.288844509745115,1.532760502787622e-144,GM12878
ENSG00000214189,1.1721925,0.7388309,mid,small,3.6514225059901304,9.350962454827444e-94,GM12878
ENSG00000087303,8.172941,1.1320684,large,small,5.331319670056081,2.470451393152502e-35,GM12878
ENSG00000274750,3.2524152,1.2639515,mid,small,5.016952521091247,0.0,GM12878
ENSG00000101188,7.8979664,0.32298717,large,small,3.378180657753053,1.7542910489384993e-05,GM12878
ENSG00000226332,2.4938657,0.15819433,mid,small,2.064158844017731,0.021744051421460152,GM12878
ENSG00000153904,31.849878,0.6563249,large,small,7.576842157015417,1.1373869837946841e-143,GM12878
ENSG00000225439,0.99512345,0.8286534,mid,small,3.0685997574571173,4.733746925920609e-26,GM12878
ENSG00000154059,2.7340198,0.4270905,mid,small,5.724952769801265,6.585232662175352e-115,GM12878
ENSG00000054690,4.202584,0.66472644,large,small,4.740008840624306,1.3785303690405563e-148,GM12878
ENSG00000106789,1.6963067,0.60809183,mid,small,2.0699320497709173,4.042036430229771e-91,GM12878
ENSG00000072071,4.2355247,0.6082976,large,small,4.401527481469074,0.0,GM12878
ENSG00000162551,1.1705643,0.53921574,mid,small,8.406701187596902,2.386742364800158e-214,GM12878
ENSG00000111752,7.3730516,0.50321674,large,small,7.471687546457078,0.0,GM12878
ENSG00000085733,5.529319,0.21783836,large,small,3.582593013140503,0.0,GM12878
ENSG00000063180,0.974295,0.5981742,mid,small,3.741677885154725,2.3234122511069673e-93,GM12878
ENSG00000129951,6.702248,0.38997912,large,small,11.356895683538497,2.683511006914648e-15,GM12878
ENSG00000054793,8.740427,0.29886296,large,small,4.1922953930977505,2.1432796196781074e-72,GM12878
ENSG00000060749,2.9880025,0.543243,mid,small,2.670791663550635,0.0,GM12878
ENSG00000198795,6.0642424,0.02772172,large,small,7.4346420680939005,5.611463488969025e-34,GM12878
ENSG00000109501,2.7069657,0.44437397,mid,small,2.539869276091145,1.8396011465229296e-78,GM12878
ENSG00000130768,4.6829042,0.15973902,large,small,4.465499226758193,3.26711445980875e-135,GM12878
ENSG00000147459,2.558713,0.36276802,mid,small,4.384464306819344,2.7775464854591204e-174,GM12878
ENSG00000231205,1.8179235,0.019144539,mid,small,5.143080289297792,2.2791752079579602e-197,GM12878
ENSG00000205116,3.3711283,0.35547826,mid,small,6.9944869272136785,0.00639850230446569,GM12878
ENSG00000092345,14.028608,0.13756229,large,small,4.353396698227151,1.9022570760267742e-09,GM12878
ENSG00000167608,2.0083818,0.25230795,mid,small,4.132325485554759,1.5475297467892526e-11,GM12878
ENSG00000259153,2.2665942,0.74595225,mid,small,2.2218842206432505,4.1985940566869575e-13,GM12878
ENSG00000198780,13.212569,0.34705588,large,small,3.591761916038471,2.645108971596642e-281,GM12878
ENSG00000132561,7.2319098,0.58626914,large,small,7.102077966472253,8.482732076226108e-45,GM12878
ENSG00000162430,1.6404424,0.53358644,mid,small,3.812693316301412,3.523893358960562e-297,GM12878
ENSG00000160200,1.5205445,0.12603271,mid,small,6.053508214267355,2.7774209564633243e-49,GM12878
ENSG00000273079,9.179587,0.7324772,large,small,6.4205665715880516,1.338157438716659e-20,GM12878
ENSG00000180479,1.0022659,0.38886216,mid,small,3.5961965268994978,4.893282276591967e-16,GM12878
ENSG00000220785,2.2749662,0.5579846,mid,small,2.6200863622157975,1.0277635355961046e-19,GM12878
ENSG00000275832,4.5828605,0.43202335,large,small,3.659749767008167,0.0,GM12878
ENSG00000162105,19.140303,0.8538308,large,small,8.042430236082758,4.1613332232287376e-140,GM12878
ENSG00000179299,4.122059,0.042081036,mid,small,6.653926797626325,2.9307978014344444e-62,GM12878
ENSG00000081181,2.3684568,0.849848,mid,small,5.512924084732221,8.0589581721136905e-115,GM12878
ENSG00000138336,1.3871007,0.39049792,mid,small,5.429673007745059,0.0,GM12878
ENSG00000224846,3.9143035,0.87016076,large,small,2.219417585347956,0.03001444489253307,GM12878
ENSG00000131941,4.300431,0.2900956,large,small,2.4437063018200345,5.0947504344078474e-67,GM12878
ENSG00000020577,2.0408726,0.6702884,mid,small,4.042650947509325,9.617856224996663e-83,GM12878
ENSG00000255794,4.2780685,0.70163447,large,small,7.519224711914571,5.207239069991846e-13,GM12878
ENSG00000078114,3.063859,0.27186814,mid,small,6.8331700446105526,1.529838716474397e-49,GM12878
ENSG00000142798,7.214303,0.2190545,large,small,4.749377926090894,0.0,GM12878
ENSG00000268650,1.3424109,0.43318895,mid,small,2.5047357704604893,0.0195712317415687,GM12878
ENSG00000134709,12.389519,0.87331796,large,small,2.2902956497480775,1.4387054898901268e-100,GM12878
ENSG00000137393,3.733831,0.27092016,large,small,4.68943222190237,2.423733625251658e-59,GM12878
ENSG00000167216,1.5663432,0.2925597,mid,small,2.098034642867673,5.691853320665489e-12,GM12878
ENSG00000137831,9.542795,0.38946626,large,small,3.289997045194611,3.983111269479367e-107,GM12878
ENSG00000070019,7.111773,0.25263166,large,small,5.04630170105089,1.904876418150383e-13,GM12878
ENSG00000165091,0.9701835,1.1538665,mid,small,2.291846912032382,0.00026599895385455105,GM12878
ENSG00000099625,2.1041296,0.722545,mid,small,3.6775259160314846,1.2323216220513877e-60,GM12878
ENSG00000204991,1.0902286,0.7287551,mid,small,5.253290906101432,6.602969615606735e-42,GM12878
ENSG00000157542,0.9010026,1.0183611,mid,small,9.266849799355082,0.0003653360174461619,GM12878
ENSG00000253361,15.18239,0.9363308,large,small,5.29122493494105,0.029141162503230608,GM12878
ENSG00000154229,9.745149,0.6824833,large,small,2.695953766982866,5.915583807316974e-82,GM12878
ENSG00000079215,16.072176,1.3955518,large,small,3.6203623771371043,1.3236341720320379e-105,GM12878
ENSG00000147852,4.143285,1.2927613,large,small,5.386296747291703,2.1517729635835605e-234,GM12878
ENSG00000141198,15.820173,0.15865527,large,small,4.360433010245695,1.3835149510090166e-142,GM12878
ENSG00000234261,6.679071,0.37376484,large,small,6.927714166409824,1.3572704354493334e-15,GM12878
ENSG00000142089,1.5893347,0.93782204,mid,small,6.168598448371125,1.2755631526265975e-143,GM12878
ENSG00000197283,2.4608386,1.1552866,mid,small,3.0548513042936594,1.0313150854781856e-258,GM12878
ENSG00000164176,4.808258,0.02717524,mid,small,6.781875211705403,3.111778640544257e-158,GM12878
ENSG00000128965,4.0269613,0.21493226,large,small,2.5156504339783146,2.3191513394554324e-39,GM12878
ENSG00000142192,2.4627047,0.14612919,mid,small,2.2446490169569175,0.0,GM12878
ENSG00000064763,3.5854526,0.18807696,mid,small,4.722477583073152,4.1933575731761296e-72,GM12878
ENSG00000176485,5.5808516,0.7404396,large,small,2.694961982010753,2.761200131559429e-103,GM12878
ENSG00000177425,5.3083386,0.3647581,large,small,2.499240520713594,0.0,GM12878
ENSG00000056487,8.023728,0.6018664,large,small,8.083690184148153,7.849735279405671e-60,GM12878
ENSG00000169213,3.2122462,0.2260944,mid,small,6.806999859574959,0.0,GM12878
ENSG00000213799,12.455669,0.25456673,large,small,2.0206841531754707,5.079863488008351e-67,GM12878
ENSG00000121753,1.5699699,0.68008345,mid,small,6.859660272836432,1.8977327064197142e-88,GM12878
ENSG00000050820,5.579579,0.8154547,large,small,2.72977045519195,4.3241254133141303e-193,GM12878
ENSG00000181585,4.226666,0.28387934,large,small,5.872829261865658,0.018586464508219765,GM12878
ENSG00000262001,1.4900681,0.8837788,mid,small,5.004718831981758,9.789255637411873e-39,GM12878
ENSG00000171119,3.3980668,0.2149883,large,small,5.2160356878282625,1.652632939213833e-08,GM12878
ENSG00000170542,3.9669,0.29263574,large,small,3.046275595441114,9.221634398595191e-232,GM12878
ENSG00000152208,16.177683,0.031004705,large,small,11.033562050848648,1.1791939965169543e-39,GM12878
ENSG00000158296,1.7042167,0.37075466,mid,small,5.816408430613089,1.8564601805972856e-30,GM12878
ENSG00000170190,3.7417054,0.47068223,large,small,2.150086123916641,1.5560803763956664e-26,GM12878
ENSG00000165821,5.2438073,0.21469131,large,small,5.6539398220249,0.0,GM12878
ENSG00000160201,2.7750475,0.04229706,mid,small,2.5839255384929203,9.867080587987097e-09,GM12878
ENSG00000144749,4.049139,0.8610246,large,small,2.7331099465657,5.224645212506694e-262,GM12878
ENSG00000120896,5.424021,0.88098997,large,small,5.476741917438301,1.0819231613177009e-166,GM12878
ENSG00000079393,2.9378219,0.54204756,mid,small,2.7665731676170546,0.011986350977713433,GM12878
ENSG00000120594,8.332487,0.4980928,large,small,7.122912568186517,5.317950260941591e-165,GM12878
ENSG00000147601,3.4673257,0.24459194,mid,small,5.399746283398782,0.0,GM12878
ENSG00000133026,10.132678,0.36151078,large,small,7.11969285714047,0.0,GM12878
ENSG00000119888,4.09039,0.99219894,large,small,6.559110034386896,9.702900047150769e-282,GM12878
ENSG00000153976,3.0065742,0.47087777,mid,small,7.7841820055418385,6.41874471760034e-08,GM12878
ENSG00000138670,19.81177,0.23061664,large,small,3.849085350566472,8.780828834806681e-13,GM12878
ENSG00000145721,2.2309604,1.7687091,mid,small,2.5622974777678635,0.017359047589526763,GM12878
ENSG00000141401,1.0304939,0.4947782,mid,small,2.583873409513278,1.0548156548126878e-133,GM12878
ENSG00000105889,1.6202413,0.6525869,mid,small,9.573321349125447,0.00023374919087496647,GM12878
ENSG00000138119,0.8169697,0.83342475,mid,small,2.0110126393639773,4.540887559002229e-10,GM12878
ENSG00000065717,5.3464775,0.34776562,large,small,4.557029079112623,1.279816194478607e-28,GM12878
ENSG00000164050,2.6396322,1.3394307,mid,small,2.7901184394847784,3.841751554998872e-289,GM12878
ENSG00000182963,8.681779,0.8601258,large,small,5.816895145436276,0.0,GM12878
ENSG00000185052,3.62448,1.0734591,large,small,8.864886462060197,6.672163463559524e-10,GM12878
ENSG00000264164,5.6749787,0.7228783,large,small,4.002658793268623,8.750058778054636e-08,GM12878
ENSG00000088305,4.430291,0.6845174,large,small,8.718184745364352,0.0,GM12878
ENSG00000101335,5.423455,0.6469002,large,small,6.257745011676111,6.374826068990936e-247,GM12878
ENSG00000101384,3.4635806,0.26738933,mid,small,2.8203402160189426,7.612081398747027e-124,GM12878
ENSG00000197467,8.302483,0.36924815,large,small,7.1597010974159065,7.980362678498129e-12,GM12878
ENSG00000149054,17.84124,0.2350766,large,small,2.584954595552017,3.657969092622662e-44,GM12878
ENSG00000152284,11.737705,0.32450053,large,small,10.10114195017643,7.312276378788031e-75,GM12878
ENSG00000166123,2.5066357,0.94888616,mid,small,3.4763112664232994,2.7640892461194647e-272,GM12878
ENSG00000035862,10.090848,0.6871814,large,small,5.790990759510722,1.0424452157713351e-163,GM12878
ENSG00000077616,7.345209,0.2015585,large,small,6.728161602498741,1.871736420322594e-10,GM12878
ENSG00000146267,5.4374123,0.19569978,large,small,8.674146407466344,3.7871081329546585e-17,GM12878
ENSG00000137177,17.034342,0.22893676,large,small,6.637695686794104,3.5010233781155573e-178,GM12878
ENSG00000175707,2.3756945,0.39722335,mid,small,6.294877080793318,1.0851755588167194e-33,GM12878
ENSG00000103742,3.8290143,0.7734844,large,small,4.452078158068399,7.773302245738551e-67,GM12878
ENSG00000102935,1.8921438,0.28191474,mid,small,7.130539553685021,1.114232163233541e-208,GM12878
ENSG00000170293,13.261574,1.1383644,large,small,7.0081604676677705,2.6145584776992823e-11,GM12878
ENSG00000104112,8.94031,0.32920688,large,small,11.262657804093694,4.044980021908197e-15,GM12878
ENSG00000196724,9.778751,0.34506622,large,small,4.012155916583601,4.388671878699124e-59,GM12878
ENSG00000130208,4.3572226,0.52164197,large,small,4.462053584863996,7.387449127646834e-32,GM12878
ENSG00000050165,8.949548,0.72400093,large,small,6.517489194562259,4.099444370075295e-55,GM12878
ENSG00000189180,33.254753,1.0796123,large,small,-2.0012168582337075,5.52279909347593e-33,HFFC6
ENSG00000048545,4.872279,0.6449951,mid,small,-9.715110172608718,2.4298575873474798e-05,HFFC6
ENSG00000173898,11.34848,0.27294815,large,small,-9.676845534952333,2.167908188494154e-118,HFFC6
ENSG00000196081,11.486289,0.025742672,large,small,-3.3495964433095797,5.8838814578357774e-34,HFFC6
ENSG00000221066,3.2152483,0.7967295,mid,small,-3.3623741910276617,0.016647240223104674,HFFC6
ENSG00000110721,16.02047,0.26654702,large,small,-3.105206014441231,1.1338795073981683e-79,HFFC6
ENSG00000168071,2.082104,1.212972,mid,small,-4.695487457809076,4.0875904445851055e-19,HFFC6
ENSG00000165795,2.4348316,1.0274122,mid,small,-6.953936931025916,1.0194727160567764e-45,HFFC6
ENSG00000183049,15.97441,0.21415024,large,small,-3.9587035229380416,1.3637740286327539e-14,HFFC6
ENSG00000228613,4.8243136,0.49138314,mid,small,-6.012039841240326,8.585747509497051e-08,HFFC6
ENSG00000186603,7.397175,1.0124927,large,small,-6.1570692861818666,2.881372601486352e-58,HFFC6
ENSG00000139287,14.170397,0.1378154,large,small,-2.4531340006005338,0.009312606835420604,HFFC6
ENSG00000175322,37.452866,0.7488724,large,small,-3.752982196010367,1.9191812334264552e-43,HFFC6
ENSG00000197008,60.072453,0.37931842,large,small,-2.7297002611554286,9.054688252519264e-39,HFFC6
ENSG00000184669,12.79288,0.3194049,large,small,-8.929025514973599,0.00012846144282756757,HFFC6
ENSG00000254934,15.534925,0.5407496,large,small,-12.122300910337191,1.0722598831827972e-31,HFFC6
ENSG00000101680,8.3052635,0.30986348,large,small,-5.144253142961188,9.377207041942604e-10,HFFC6
ENSG00000168389,5.6746254,0.35025388,large,small,-2.117278106213476,2.0722012096011096e-29,HFFC6
ENSG00000006625,3.4260366,0.24296778,mid,small,-2.198817400274584,2.742908651899541e-26,HFFC6
ENSG00000269416,8.820405,0.5559028,large,small,-3.5553058218303026,0.0043327868544916215,HFFC6
ENSG00000150907,2.1116073,0.2133614,mid,small,-5.791703719846535,1.5302470651628652e-94,HFFC6
ENSG00000174721,3.3566217,0.66344637,mid,small,-7.675568663859189,4.536804112351672e-190,HFFC6
ENSG00000177853,11.52216,0.24414109,large,small,-2.1337909084119238,8.659162020853536e-50,HFFC6
ENSG00000197329,6.3561897,0.19337368,mid,small,-3.533738997080974,1.12517271609793e-31,HFFC6
ENSG00000198521,10.585796,0.24675995,large,small,-3.3025403455207862,6.065834527035611e-100,HFFC6
ENSG00000197822,2.960943,0.056266937,mid,small,-6.453975035787069,3.832721125807523e-96,HFFC6
ENSG00000112159,23.655605,0.20164742,large,small,-2.579130743443518,2.3061422139575804e-43,HFFC6
ENSG00000128285,3.1117165,0.7336826,mid,small,-2.3868592987087696,0.0012249705932159845,HFFC6
ENSG00000163694,16.399925,0.16545303,large,small,-5.4363716359841705,6.84610531321065e-203,HFFC6
ENSG00000235790,2.6492574,0.53126895,mid,small,-3.7343759351113333,3.891505263981001e-05,HFFC6
ENSG00000147894,57.835682,0.2394393,large,small,-2.5825649967731645,9.138579270191326e-22,HFFC6
ENSG00000185065,3.8950324,0.19231872,mid,small,-2.0986921685936104,0.0001029750983396101,HFFC6
ENSG00000248538,4.8536267,0.37113738,mid,small,-3.0394088063626565,0.02396755380659534,HFFC6
ENSG00000152926,61.46633,0.101564296,large,small,-2.841569203046659,9.436042777366146e-28,HFFC6
ENSG00000170745,5.6212096,0.88816804,mid,small,-3.4972955206877216,1.2059127877421486e-23,HFFC6
ENSG00000156869,7.412255,1.0987849,large,small,-2.933119353055349,1.2670014989187602e-15,HFFC6
ENSG00000167680,5.0466166,0.5256449,mid,small,-7.88502036808173,1.9302301494275042e-24,HFFC6
ENSG00000234911,6.5869317,0.3014046,large,small,-2.4847848879805894,7.031664158342044e-07,HFFC6
ENSG00000273284,15.829485,0.4516314,large,small,-2.253033966838044,1.486224134032263e-05,HFFC6
ENSG00000205838,10.633389,0.18978904,large,small,-4.174931324822896,6.712783795732311e-05,HFFC6
ENSG00000155849,15.666373,0.5084752,large,small,-9.057235813425661,6.492036198138988e-26,HFFC6
ENSG00000088538,5.3242893,0.43111378,mid,small,-4.22386776525798,2.892325445643679e-48,HFFC6
ENSG00000266950,4.298251,0.26122537,mid,small,-5.417885841280285,0.020876371386135295,HFFC6
ENSG00000233290,22.886677,0.20815279,large,small,-6.720377885586821,0.005078659051499273,HFFC6
ENSG00000103037,2.9020517,0.66102105,mid,small,-3.8800815507304534,9.011298881899153e-32,HFFC6
ENSG00000159314,3.4126508,1.1979828,mid,small,-2.0174380170235278,2.2318901990288494e-13,HFFC6
ENSG00000205268,23.519909,0.56518567,large,small,-3.4583464117460925,8.939088400818662e-132,HFFC6
ENSG00000117676,4.6385794,0.5682549,mid,small,-4.207247054721625,3.568749045917196e-56,HFFC6
ENSG00000232466,14.869037,1.2648534,large,small,-2.613066358319194,0.011829593302307723,HFFC6
ENSG00000197020,9.419576,0.014672543,large,small,-2.5767765203670394,1.1136414408692005e-42,HFFC6
ENSG00000132780,1.8390326,0.2262326,mid,small,-3.3422436236841726,5.060205454989558e-78,HFFC6
ENSG00000265750,8.530297,0.96432716,large,small,-2.159044517459269,0.021889775172254787,HFFC6
ENSG00000074181,8.688229,0.29448634,large,small,-2.947774783012887,0.0004927101658160134,HFFC6
ENSG00000141524,7.2497907,0.7165493,large,small,-8.754286757644307,2.7404248930700927e-65,HFFC6
ENSG00000228423,10.644744,0.50192654,large,small,-2.4410086380620126,0.01642767389354664,HFFC6
ENSG00000211455,9.972031,0.27560762,large,small,-2.1722858874088367,1.2756866333989827e-23,HFFC6
ENSG00000153162,5.3137336,0.5939024,mid,small,-2.0693590325447677,4.556518998518547e-05,HFFC6
ENSG00000101003,2.9057434,0.7319704,mid,small,-2.2478470063883136,1.13193978923057e-15,HFFC6
ENSG00000268324,3.9523144,0.34509712,mid,small,-5.416076575221286,0.00028952226326661116,HFFC6
ENSG00000167281,17.468674,0.61446357,large,small,-9.64141501293311,1.0090772471372732e-11,HFFC6
ENSG00000277270,27.276175,0.21222809,large,small,-5.297723208890205,0.0231864697236346,HFFC6
ENSG00000257474,2.1721203,0.16507205,mid,small,-10.96717319312312,1.485253169154782e-06,HFFC6
ENSG00000244627,15.798606,0.2943771,large,small,-4.039552855922247,3.197143163533889e-29,HFFC6
ENSG00000185339,2.6763358,0.3662722,mid,small,-2.8373289901867413,1.798111251807464e-47,HFFC6
ENSG00000233056,2.12194,0.112818606,mid,small,-12.681425189945513,1.9924838444442495e-08,HFFC6
ENSG00000159217,6.4761553,0.4545924,mid,small,-3.449937056317125,7.477230104217652e-30,HFFC6
ENSG00000242715,6.1137114,0.45963588,large,small,-3.977260044701873,2.938242841890946e-38,HFFC6
ENSG00000121104,8.625322,0.29924715,large,small,-4.9478800203569895,7.94228135865989e-75,HFFC6
ENSG00000227214,3.4000301,0.20844479,mid,small,-2.191606417747685,0.003614462203676275,HFFC6
ENSG00000166689,12.662793,0.3194049,large,small,-8.747501836329866,2.6811600447229452e-45,HFFC6
ENSG00000175130,3.5747201,0.3884217,mid,small,-5.3358234168323175,1.9893650939642574e-132,HFFC6
ENSG00000141068,4.5272355,0.23475628,mid,small,-3.1605232416926916,7.839372785064767e-23,HFFC6
ENSG00000100784,12.627216,0.19861887,large,small,-3.14113088584002,3.9707475256538897e-20,HFFC6
ENSG00000139971,2.5309556,1.1049916,mid,small,-2.284949054906405,8.628325071567591e-16,HFFC6
ENSG00000253553,4.0051174,0.6300435,mid,small,-2.2810335651128026,0.02263155275349893,HFFC6
ENSG00000105289,3.8357694,0.73613626,mid,small,-8.5774424477932,3.8933503436875636e-23,HFFC6
ENSG00000115392,20.751467,0.21077603,large,small,-2.301578262753214,4.018633062498036e-21,HFFC6
ENSG00000167670,5.134773,0.5171391,mid,small,-2.303849283310664,4.729643049314998e-20,HFFC6
ENSG00000182141,3.687354,0.2143161,mid,small,-2.5924538804498254,5.88702720146524e-57,HFFC6
ENSG00000198039,60.37868,0.11266582,large,small,-3.6778559652966045,1.557926530657098e-47,HFFC6
ENSG00000213983,5.94879,1.0444195,large,small,-3.0861072938557994,3.5652606606802844e-05,HFFC6
ENSG00000174718,14.93536,1.1722325,large,small,-3.477694514600576,1.9390696281608494e-171,HFFC6
ENSG00000185015,57.03543,0.2848093,large,small,-2.838078025017949,2.2565078233872578e-09,HFFC6
ENSG00000157570,12.115724,0.6450695,large,small,-9.308834976285798,5.131426907900644e-11,HFFC6
ENSG00000177076,10.490737,0.21663074,large,small,-2.1216428808812515,6.304699829723013e-15,HFFC6
ENSG00000132003,3.7566528,0.37355024,mid,small,-2.0602700369928506,9.20800199454987e-49,HFFC6
ENSG00000183971,5.7307982,0.98172194,mid,small,-2.427515927144322,1.537022463291418e-08,HFFC6
ENSG00000117569,20.609558,0.07877595,large,small,-2.450953267223292,7.18646247395079e-54,HFFC6
ENSG00000127152,2.758441,0.9461908,mid,small,-7.40027353951713,2.2163471123474818e-39,HFFC6
ENSG00000112218,26.98783,0.060493458,large,small,-2.333498920535584,5.266791654071812e-29,HFFC6
ENSG00000276071,5.4722223,0.041028637,mid,small,-3.634557182699208,2.931399629454051e-05,HFFC6
ENSG00000038427,3.3287823,0.08685179,mid,small,-3.7870996263260923,1.481417026469181e-247,HFFC6
ENSG00000168477,4.203244,0.9530084,mid,small,-3.143036069751807,1.613019802847335e-19,HFFC6
ENSG00000203635,6.3026924,0.77680105,mid,small,-6.06881445992425,8.208701339524694e-13,HFFC6
ENSG00000244332,11.559051,0.84249187,large,small,-4.062500275182051,1.0950387448582034e-05,HFFC6
ENSG00000171105,10.962305,0.5061957,large,small,-3.036493553736355,1.4678382321307049e-18,HFFC6
ENSG00000006432,2.632985,0.74595225,mid,small,-6.219430827753242,6.087633954551328e-14,HFFC6
ENSG00000171219,3.1754377,0.41150516,mid,small,-7.325019516712539,5.318829758579627e-55,HFFC6
ENSG00000255236,16.02047,0.26654702,large,small,-3.043299454042532,0.023758118274933765,HFFC6
ENSG00000269425,5.7131767,0.6608337,large,small,-5.927979721792812,0.012723026211969907,HFFC6
ENSG00000136378,4.303818,0.6909335,mid,small,-6.217739250789378,1.3700616469166472e-175,HFFC6
ENSG00000172731,4.371778,0.7851686,mid,small,-3.377427639136078,1.4229675753715605e-51,HFFC6
ENSG00000092929,6.293841,0.3500479,mid,small,-3.8413970922400686,3.5482692660832135e-18,HFFC6
ENSG00000139146,14.118911,0.31948617,large,small,-4.4502868660900425,4.757345488573407e-100,HFFC6
ENSG00000101198,10.438113,0.66197115,large,small,-6.987620587568382,1.0104731242645228e-10,HFFC6
ENSG00000196247,59.52766,0.003794872,large,small,-3.0384856313735735,2.46418436738686e-73,HFFC6
ENSG00000164985,12.102715,0.24492973,large,small,-2.766376619997902,1.1813139051363045e-30,HFFC6
ENSG00000164199,12.421248,0.70808566,large,small,-11.740459074649232,2.070650660790036e-43,HFFC6
ENSG00000111266,2.826869,0.357626,mid,small,-2.8146989410714163,3.969758024217702e-72,HFFC6
ENSG00000253320,7.8775716,0.21701297,large,small,-2.666475209737751,1.6424975712181304e-13,HFFC6
ENSG00000161243,6.33626,0.42715985,large,small,-4.272168065213291,6.781655720645297e-14,HFFC6
ENSG00000189283,5.031843,0.16968861,mid,small,-3.242134783314887,6.95303715998573e-05,HFFC6
ENSG00000186409,18.981323,0.21267259,large,small,-2.1347662177386093,0.0002751132100909726,HFFC6
ENSG00000166831,9.245672,0.7703026,large,small,-10.235034664517174,5.160388150855676e-118,HFFC6
ENSG00000142065,7.1250234,0.029506486,large,small,-2.0073405548828966,3.5816793900224165e-27,HFFC6
ENSG00000275216,2.163001,0.96399355,mid,small,-2.926823605723218,0.0012656562508951887,HFFC6
ENSG00000119139,5.410285,0.27346402,mid,small,-2.6777268865190256,5.624397183291857e-12,HFFC6
ENSG00000162409,7.6507173,0.24715976,large,small,-2.517529411896751,0.016299322527312882,HFFC6
ENSG00000180035,6.669116,0.23694874,large,small,-2.0023295673266546,1.530835321577282e-38,HFFC6
ENSG00000283341,2.0406733,0.5220888,mid,small,-2.0139564800237952,0.00018563181286967336,HFFC6
ENSG00000125731,6.465552,0.19966717,large,small,-12.26328747807476,5.936786869355737e-08,HFFC6
ENSG00000008083,5.4355555,0.1885874,mid,small,-4.24635232517576,6.387836873708126e-109,HFFC6
ENSG00000095002,5.3070593,0.24316667,mid,small,-3.0912867182763115,6.523262529494639e-57,HFFC6
ENSG00000145536,19.087532,1.6045793,large,small,-5.436962561574986,2.2983385510683875e-07,HFFC6
ENSG00000273786,4.0356274,0.66404146,mid,small,-2.0269816405100687,0.016666296782452045,HFFC6
ENSG00000103550,3.0022266,0.24097502,mid,small,-2.335456365102529,3.2738921065348476e-54,HFFC6
ENSG00000178078,4.8866305,0.51142126,mid,small,-3.271960504397961,4.927374026962115e-09,HFFC6
ENSG00000239218,3.904189,1.6172754,mid,small,-3.166179157444025,7.538813673937219e-20,HFFC6
ENSG00000272168,16.295517,0.13635653,large,small,-5.578546808595836,6.1292499210489106e-52,HFFC6
ENSG00000241697,7.644289,0.2997267,large,small,-4.716580763103188,4.788643497554267e-49,HFFC6
ENSG00000136231,3.64503,0.25002444,mid,small,-2.4091932326486405,6.356275974793699e-51,HFFC6
ENSG00000088280,1.8698328,0.35313642,mid,small,-2.076868166023559,1.1026037210701087e-13,HFFC6
ENSG00000250320,22.447088,0.60577244,large,small,-2.4223410676411663,0.00655802959236057,HFFC6
ENSG00000131746,4.1140685,0.92627364,mid,small,-3.5573209537116783,0.001003233928539179,HFFC6
ENSG00000204634,4.106817,0.39068463,mid,small,-3.4488729687924864,2.461240744405863e-47,HFFC6
ENSG00000197961,4.24997,0.12577872,mid,small,-2.6507440635106327,1.5666743529491705e-68,HFFC6
ENSG00000142347,2.6138396,0.30673793,mid,small,-2.502167982921346,3.7990032061343035e-05,HFFC6
ENSG00000206579,14.517273,1.5280366,large,small,-5.95590007250462,7.904585130437082e-13,HFFC6
ENSG00000281103,7.6117854,0.46175584,mid,small,-2.918400026685254,0.0038130991102589204,HFFC6
ENSG00000167524,9.853118,0.85783875,large,small,-2.4570399556787526,5.337894031039614e-27,HFFC6
ENSG00000284428,11.102264,0.025857281,large,small,-3.1786724091429135,9.715006491278207e-29,HFFC6
ENSG00000137942,19.009615,0.42742434,large,small,-3.7190241659729306,2.623868437802116e-05,HFFC6
ENSG00000170561,11.276748,0.17908919,large,small,-2.8348862640795645,2.8592211229658745e-29,HFFC6
ENSG00000133740,58.040874,0.5748591,large,small,-4.031429979331257,1.3311567273612265e-32,HFFC6
ENSG00000176920,6.838508,0.2808217,large,small,-7.6692177272144315,9.330669291448909e-08,HFFC6
ENSG00000167588,2.972069,0.823713,mid,small,-2.648824982122412,0.0019178659207103243,HFFC6
ENSG00000134758,18.148832,0.24747081,large,small,-2.32651191622212,2.757053107162977e-50,HFFC6
ENSG00000135636,4.368441,0.58278,mid,small,-4.339924361231515,9.284116617392084e-05,HFFC6
ENSG00000141384,7.0320954,1.1915863,mid,small,-2.835734476356004,6.138399550790598e-40,HFFC6
ENSG00000153157,15.58399,0.2989118,large,small,-9.15453923144834,7.68487805764743e-05,HFFC6
ENSG00000232677,6.546668,0.026971215,large,small,-3.2947341698817896,5.522262033300942e-66,HFFC6
ENSG00000139832,5.5604386,1.0082362,large,small,-4.521933526082284,6.426350324434101e-52,HFFC6
ENSG00000129354,3.013785,0.47916526,mid,small,-9.624251319722811,2.708973268897894e-63,HFFC6
ENSG00000172687,4.064194,0.24059562,mid,small,-3.547069192006215,1.2269117346746254e-87,HFFC6
ENSG00000247556,5.778703,0.2535237,large,small,-2.1003077160379804,3.5710439756519405e-33,HFFC6
ENSG00000179361,10.084,0.276083,large,small,-5.689959582592847,7.895714210769709e-256,HFFC6
ENSG00000283982,18.452806,0.29565698,large,small,-8.24625092415618,0.0004302223571950266,HFFC6
ENSG00000082269,30.790184,0.22770718,large,small,-3.0142595036094604,3.0774069538966786e-76,HFFC6
ENSG00000261732,16.468208,0.8691873,large,small,-2.4669371909589968,9.117995443380468e-05,HFFC6
ENSG00000104435,6.7912908,1.5922065,mid,small,-6.415101077784841,6.6422615180819645e-09,HFFC6
ENSG00000267284,14.792999,0.7736843,large,small,-6.701155930950149,0.0050316716792084895,HFFC6
ENSG00000105866,16.235085,0.24033806,large,small,-2.8673188901572693,1.4772744801146717e-67,HFFC6
ENSG00000274751,3.0928457,0.581429,mid,small,-2.2364244326290286,0.006841160968119766,HFFC6
ENSG00000104177,14.942604,0.26668632,large,small,-2.7292073839899715,1.4241289658275686e-30,HFFC6
ENSG00000138772,3.1234512,0.168106,mid,small,-2.9576200220642344,1.368466335305711e-23,HFFC6
ENSG00000046889,33.5182,1.3071752,large,small,-15.175206911476561,6.347557333374861e-12,HFFC6
ENSG00000207751,3.63699,0.17516166,mid,small,-3.027864570516327,0.000270788304202231,HFFC6
ENSG00000137135,7.42877,0.7166389,large,small,-2.60984004423901,1.9361124965693346e-10,HFFC6
ENSG00000246263,11.395674,1.0481735,large,small,-3.8056519485499707,6.661780684882142e-09,HFFC6
ENSG00000142765,3.7347746,0.7050268,mid,small,-5.473205507806714,3.849666561665643e-18,HFFC6
ENSG00000280069,6.7434387,0.42126793,large,small,-2.9152020257891595,2.7672018187299005e-11,HFFC6
ENSG00000187764,21.79733,0.34250098,large,small,-12.516351576917506,7.232812708557087e-19,HFFC6
ENSG00000196220,4.107171,0.30568677,mid,small,-4.938793927305411,9.55433303999541e-40,HFFC6
ENSG00000059804,2.686118,0.25244606,mid,small,-3.632324711590368,3.2183381828241293e-82,HFFC6
ENSG00000156970,7.8484607,0.4030155,large,small,-2.1508902322474297,2.8821344079015362e-11,HFFC6
ENSG00000268677,5.1115556,0.3015391,mid,small,-2.6120399549348763,0.03537067062532039,HFFC6
ENSG00000007944,9.187255,0.21641874,large,small,-4.352442405955592,7.771463743998106e-64,HFFC6
ENSG00000155066,10.930364,0.39489573,large,small,-4.450733342030076,1.8991273494398583e-18,HFFC6
ENSG00000167676,3.5104074,0.7581596,mid,small,-6.094020439826565,3.7146946802637824e-05,HFFC6
ENSG00000150510,19.717587,0.33313632,large,small,-12.310232397417883,2.6150485749248526e-18,HFFC6
ENSG00000166342,20.92442,1.1587858,large,small,-12.410136354162656,4.0715168123595386e-08,HFFC6
ENSG00000163666,12.227835,0.26097977,large,small,-5.5195942001392755,4.5753749594593226e-15,HFFC6
ENSG00000170381,23.08394,0.2865249,large,small,-7.913589121755636,0.0007787653536901195,HFFC6
ENSG00000145703,24.171581,0.54997915,large,small,-9.922525644870152,1.060277899234305e-93,HFFC6
ENSG00000138032,13.480502,0.47729814,large,small,-2.0389991034845503,1.2982437431227362e-40,HFFC6
ENSG00000242085,2.8382375,0.96342576,mid,small,-2.2626094476536998,0.00012053305496237121,HFFC6
ENSG00000106078,21.919353,0.28137246,large,small,-11.390466879315985,3.8297425569957857e-28,HFFC6
ENSG00000089486,4.677061,0.80078554,mid,small,-2.9583316048321824,2.9200255739654002e-39,HFFC6
ENSG00000007171,5.028437,1.02426,mid,small,-6.637033371584092,1.1848312293731061e-09,HFFC6
ENSG00000225783,6.3975005,0.60346746,large,small,-5.3632510451495525,2.8808184496101978e-133,HFFC6
ENSG00000167306,22.879162,1.209018,large,small,-6.625844983358978,1.563695308504602e-41,HFFC6
ENSG00000162433,11.200667,0.5815422,large,small,-6.298058280882619,5.639553314861292e-09,HFFC6
ENSG00000258559,3.778208,0.5700912,mid,small,-2.6612984293303965,1.4481681400494452e-08,HFFC6
ENSG00000111837,10.438999,0.31587374,large,small,-4.514521886957171,0.0025380387513816087,HFFC6
ENSG00000181577,3.46186,0.35271204,mid,small,-6.582705380373176,1.711615732789441e-09,HFFC6
ENSG00000151090,27.91798,0.4646232,large,small,-5.981928896078598,7.120794706837753e-21,HFFC6
ENSG00000090661,8.850387,0.8040512,large,small,-11.62503116039893,1.7513120534360575e-16,HFFC6
ENSG00000124374,15.680154,0.23033904,large,small,-6.305605823514887,3.522137890113122e-96,HFFC6
ENSG00000107159,7.4005017,1.2061001,large,small,-2.2135326772824895,0.016280900973058857,HFFC6
ENSG00000272677,5.6967883,0.21200417,mid,small,-2.1905458849905792,0.000495516740194017,HFFC6
ENSG00000263818,11.757255,0.27967483,large,small,-3.0668897462623703,0.003923544353904853,HFFC6
ENSG00000112293,7.8186107,0.3648327,large,small,-3.79620190543153,1.7281154616569648e-17,HFFC6
ENSG00000170175,2.947685,0.4024546,mid,small,-2.4578020101849183,7.940815660227699e-22,HFFC6
ENSG00000143033,2.0780675,0.26741916,mid,small,-2.5669971229267934,1.2972714793840648e-75,HFFC6
ENSG00000096717,7.300885,0.23919523,large,small,-2.082000113867756,3.0361520193346516e-45,HFFC6
ENSG00000107736,4.3384414,0.3531181,mid,small,-4.962858545900701,3.3200880884552904e-10,HFFC6
ENSG00000272578,12.526071,0.26256236,large,small,-2.7463813130911476,5.438364696908322e-10,HFFC6
ENSG00000021645,25.541096,1.223039,large,small,-3.9985053018589345,3.8666098397945035e-11,HFFC6
ENSG00000109084,8.73862,0.29109263,large,small,-2.0816100211485344,1.4364777826414685e-20,HFFC6
ENSG00000255234,2.9702773,0.5311546,mid,small,-4.284653484133965,5.525976651414556e-06,HFFC6
ENSG00000224729,6.4146175,0.439476,mid,small,-2.7691363895682666,7.206179982927224e-19,HFFC6
ENSG00000285804,4.142098,0.26584417,mid,small,-2.6664536708036937,0.0008918645500209293,HFFC6
ENSG00000108960,3.1096401,0.30665842,mid,small,-2.9867314138217136,2.593015524354735e-33,HFFC6
ENSG00000133962,15.484976,1.2342902,large,small,-6.494519095050517,0.006932904904120424,HFFC6
ENSG00000113100,30.573524,1.2110779,large,small,-6.603635361368196,0.005727055370609203,HFFC6
ENSG00000116254,2.4622483,1.0805769,mid,small,-3.2858826311358067,1.1237870128436598e-10,HFFC6
ENSG00000196268,4.5450087,0.24426514,mid,small,-2.8388482898755836,5.190021588824799e-65,HFFC6
ENSG00000235760,17.518871,0.20572805,large,small,-4.936638155632265,2.2410963352840534e-05,HFFC6
ENSG00000131730,8.042629,0.3682346,mid,small,-6.724527222154878,0.004812378629319816,HFFC6
ENSG00000110944,6.4597435,0.70564026,large,small,-2.66906738764516,0.003214670326893818,HFFC6
ENSG00000146757,54.190865,0.18677185,large,small,-2.619557674922293,2.107755178123369e-52,HFFC6
ENSG00000127423,9.158668,0.38850158,large,small,-2.409645525783896,2.1479956072775944e-19,HFFC6
ENSG00000182256,11.951759,0.66578394,large,small,-6.294597788486641,0.008369625281308656,HFFC6
ENSG00000126803,3.6744742,1.157882,mid,small,-3.030671919435237,1.4425431413828752e-33,HFFC6
ENSG00000186451,10.6844425,0.3191037,large,small,-4.531758996354299,0.040417472628487,HFFC6
ENSG00000165323,5.280046,0.34761453,mid,small,-2.779408958632843,0.0016433536229682204,HFFC6
ENSG00000132749,3.447146,0.5108545,mid,small,-3.791942486673701,3.0801576090502915e-64,HFFC6
ENSG00000126822,4.9151883,0.9668305,mid,small,-3.3457928420398373,1.7250279738961879e-31,HFFC6
ENSG00000166002,2.944262,0.19602565,mid,small,-2.0737386494627614,9.391313087763166e-23,HFFC6
ENSG00000139116,143.70197,1.2433447,large,small,-3.581567975419608,3.186290481959493e-15,HFFC6
ENSG00000015413,3.7723978,0.59864354,mid,small,-8.478343129298684,0.0002819245177187021,HFFC6
ENSG00000154359,15.78279,0.08418853,large,small,-3.2734606747125956,3.2796547368425397e-53,HFFC6
ENSG00000086475,3.1904905,1.0269318,mid,small,-3.9295291188811263,8.382397047688866e-124,HFFC6
ENSG00000266903,2.6105938,0.7536496,mid,small,-2.453469154070501,0.002375695954441128,HFFC6
ENSG00000166532,14.353572,0.97546583,large,small,-2.520556066659451,2.743570161364524e-66,HFFC6
ENSG00000116127,7.372317,0.08897779,large,small,-2.1507316029965886,1.2087624378270994e-77,HFFC6
