,min_dist_H1ESC,min_dist_HFFC6,quartile_cat_H1ESC,quartile_cat_HFFC6,min_dist_GM12878,quartile_cat_GM12878
ENSG00000103067,3.5223596,4.2803364,large,mid,,
ENSG00000214548,13.031277,4.6237297,large,mid,,
ENSG00000139926,5.9891624,0.21273012,large,small,,
ENSG00000151150,9.02423,9.536592,large,mid,,
ENSG00000138944,5.352847,0.7416144,large,small,,
ENSG00000267327,18.239761,4.3260818,large,mid,,
ENSG00000184672,44.244526,10.506528,large,mid,,
ENSG00000221963,5.049526,4.5402384,large,mid,,
ENSG00000124440,3.0086846,3.0045145,large,mid,,
ENSG00000077420,15.104347,9.89886,large,mid,,
ENSG00000080573,5.5495176,2.1087546,large,mid,,
ENSG00000105520,4.904041,5.18035,large,mid,,
ENSG00000133110,12.507752,0.71844465,large,small,,
ENSG00000180628,17.618807,0.26022747,large,small,,
ENSG00000128284,6.363685,3.8188224,large,mid,,
ENSG00000062725,8.8725815,5.5062804,large,mid,,
ENSG00000166825,7.738493,3.905551,large,mid,,
ENSG00000149090,8.945833,2.8652017,large,mid,,
ENSG00000121281,10.436963,1.7703987,large,small,,
ENSG00000198053,4.6470695,1.3876586,large,small,,
ENSG00000274925,3.998954,0.9948264,large,small,,
ENSG00000104059,9.013466,3.9312897,large,mid,,
ENSG00000160229,3.6962926,2.7923799,large,mid,,
ENSG00000196139,13.273273,0.5115398,large,small,,
ENSG00000171649,5.1233535,1.3769935,large,small,,
ENSG00000256229,8.271905,0.62756413,large,small,,
ENSG00000149256,7.9937806,0.9238671,large,small,,
ENSG00000198208,4.5337276,1.9315311,large,mid,,
ENSG00000215483,14.91074,0.95066285,large,small,,
ENSG00000182050,16.439531,1.9559706,large,small,,
ENSG00000198542,31.729753,0.4160159,large,small,,
ENSG00000099940,9.251971,3.4255161,large,mid,,
ENSG00000160439,3.52171,1.2141602,large,small,,
ENSG00000168807,9.459156,4.035937,large,mid,,
ENSG00000276916,5.9743605,0.254675,large,small,,
ENSG00000152936,32.26502,5.2931795,large,mid,,
ENSG00000188554,8.400732,0.38701782,large,small,,
ENSG00000128298,4.1331267,3.5862832,large,mid,,
ENSG00000133816,8.830195,1.5204837,large,small,,
ENSG00000130513,4.6873436,0.5407482,large,small,,
ENSG00000226800,3.2832446,4.4374514,large,mid,,
ENSG00000213977,4.8812766,4.102048,large,mid,,
ENSG00000149927,3.5712829,5.269381,large,mid,,
ENSG00000223704,5.579099,4.4219036,large,mid,,
ENSG00000100105,5.445868,0.701756,large,small,,
ENSG00000121101,5.703223,6.106097,large,mid,,
ENSG00000127863,6.513107,0.36565968,large,small,,
ENSG00000026508,15.368261,1.5025597,large,small,,
ENSG00000172264,22.18602,2.288127,large,mid,,
ENSG00000109079,4.0557876,3.8183036,large,mid,,
ENSG00000221887,7.1025567,6.886558,large,mid,,
ENSG00000067798,21.525158,0.5297625,large,small,,
ENSG00000138316,10.453915,2.8416467,large,mid,,
ENSG00000133958,16.984661,2.2561939,large,mid,,
ENSG00000165475,6.7083282,1.6169761,large,small,,
ENSG00000104044,8.094048,4.099469,large,mid,,
ENSG00000088256,5.363269,3.1177514,large,mid,,
ENSG00000165617,13.206402,0.7935453,large,small,,
ENSG00000170537,5.0005236,3.6801496,large,mid,,
ENSG00000176406,66.136406,4.3789454,large,mid,,
ENSG00000237515,5.588859,2.6438935,large,mid,,
ENSG00000246792,16.695274,5.640253,large,mid,,
ENSG00000134871,5.9626646,2.136593,large,mid,,
ENSG00000165757,15.741794,1.0882598,large,small,,
ENSG00000185697,16.919043,11.091962,large,mid,,
ENSG00000187775,4.742631,4.1935387,large,mid,,
ENSG00000133454,7.2319922,1.43247,large,small,,
ENSG00000092758,5.298098,2.591104,large,mid,,
ENSG00000180530,5.5061893,5.04946,large,mid,,
ENSG00000103154,3.9426968,3.4997146,large,mid,,
ENSG00000197256,4.096654,1.9350166,large,small,,
ENSG00000081923,11.628837,2.854924,large,mid,,
ENSG00000099338,3.2838058,0.931881,large,small,,
ENSG00000003987,16.54088,17.675552,large,mid,,
ENSG00000103528,4.0356493,5.689831,large,mid,,
ENSG00000198554,6.6228056,3.0897622,large,mid,,
ENSG00000172935,8.700186,1.191983,large,small,,
ENSG00000182264,9.374865,4.212487,large,mid,,
ENSG00000140853,8.619303,1.1361538,large,small,,
ENSG00000074527,24.87521,1.3130323,large,small,,
ENSG00000171206,50.92868,1.1638036,large,small,,
ENSG00000166173,8.554256,1.2350634,large,small,,
ENSG00000197119,6.8404775,1.2419343,large,small,,
ENSG00000103381,6.370426,0.05060221,large,small,,
ENSG00000133121,19.518417,0.43710077,large,small,,
ENSG00000156398,50.92868,2.6449523,large,mid,,
ENSG00000140859,5.0794673,1.4971117,large,small,,
ENSG00000119699,4.6711297,1.3228979,large,small,,
ENSG00000277232,8.918879,1.9038188,large,small,,
ENSG00000175662,6.7697935,4.305028,large,mid,,
ENSG00000164932,66.136406,2.8623514,large,small,,
ENSG00000022277,21.414057,0.2484758,large,small,,
ENSG00000121691,7.862339,3.5531347,large,mid,,
ENSG00000119917,11.717327,1.6585423,large,small,,
ENSG00000237356,9.647204,0.47245416,large,small,,
ENSG00000100100,5.1993933,0.8919282,large,small,,
ENSG00000124191,21.439106,1.3648698,large,small,,
ENSG00000234719,16.152046,0.3449676,large,small,,
ENSG00000171587,18.866123,6.652603,large,mid,,
ENSG00000171631,7.65647,7.3616157,large,mid,,
ENSG00000137880,7.749854,4.0602717,large,mid,,
ENSG00000101333,8.972176,2.5772061,large,mid,,
ENSG00000166275,50.92868,6.82135,large,mid,,
ENSG00000228768,4.767604,2.960382,large,mid,,
ENSG00000167641,3.1139352,4.2502494,large,mid,,
ENSG00000276337,4.1161985,1.2215275,large,small,,
ENSG00000142549,4.5910134,4.4146023,large,mid,,
ENSG00000132510,4.0220366,1.361842,large,small,,
ENSG00000259426,6.5328345,1.0317522,large,small,,
ENSG00000105479,4.0509257,2.6014752,large,mid,,
ENSG00000279159,8.180193,3.8144507,large,mid,,
ENSG00000125730,3.365886,1.6540583,large,small,,
ENSG00000140450,13.107714,2.4783132,large,mid,,
ENSG00000142173,10.258914,0.5961341,large,small,,
ENSG00000103066,6.4358125,5.8280315,large,mid,,
ENSG00000150051,10.632737,2.468344,large,small,,
ENSG00000129009,5.8037987,1.7227502,large,mid,,
ENSG00000180891,9.176035,1.5344318,large,small,,
ENSG00000259345,18.442507,0.77638984,large,small,,
ENSG00000048471,16.152046,0.3449676,large,small,,
ENSG00000179044,5.277694,4.854446,large,mid,,
ENSG00000100599,15.727198,0.3417853,large,small,,
ENSG00000134138,7.4711003,1.222121,large,small,,
ENSG00000184792,9.613799,4.0730543,large,mid,,
ENSG00000168959,7.630877,3.2950912,large,mid,,
ENSG00000159231,5.8817554,4.2628527,large,mid,,
ENSG00000160216,6.1430144,0.5670137,large,small,,
ENSG00000167601,6.2892623,3.0569992,large,mid,,
ENSG00000170921,4.303233,0.5112378,large,small,,
ENSG00000105642,5.2599792,2.2951841,large,mid,,
ENSG00000170558,7.292773,1.6104393,large,small,,
ENSG00000169826,12.871062,5.311632,large,mid,,
ENSG00000171962,6.7697935,4.5710845,large,mid,,
ENSG00000265800,5.0298934,4.479419,large,mid,,
ENSG00000182534,4.211761,2.9008193,large,mid,,
ENSG00000170004,7.544107,2.510648,large,mid,,
ENSG00000174306,7.2624054,0.3686668,large,small,,
ENSG00000245904,37.045467,0.75620633,large,small,,
ENSG00000259207,6.5640507,4.361775,large,mid,,
ENSG00000167740,9.488215,3.124977,large,mid,,
ENSG00000267041,3.1938086,2.1167588,large,mid,,
ENSG00000260808,7.5301967,5.3827753,large,mid,,
ENSG00000103227,10.837281,2.7788231,large,mid,,
ENSG00000100417,6.3136854,2.9821382,large,mid,,
ENSG00000102471,14.61972,3.595886,large,mid,,
ENSG00000177469,4.7667565,3.7969449,large,mid,,
ENSG00000185022,4.660734,0.71898866,large,small,,
ENSG00000157890,9.068231,1.4052081,large,small,,
ENSG00000232855,16.819416,0.230836,large,small,,
ENSG00000138346,11.165934,8.245995,large,mid,,
ENSG00000141905,5.3285284,2.3913157,large,mid,,
ENSG00000180332,13.934348,1.2477136,large,small,,
ENSG00000108854,3.9726267,3.4980314,large,mid,,
ENSG00000166676,14.917117,2.2938395,large,mid,,
ENSG00000142273,4.8329945,4.8608212,large,mid,,
ENSG00000177380,3.8692079,3.0839932,large,mid,,
ENSG00000175730,5.467822,1.6668476,large,small,,
ENSG00000019505,9.695817,7.317562,large,mid,,
ENSG00000183011,7.544107,2.510648,large,mid,,
ENSG00000136153,12.622287,3.5539005,large,mid,,
ENSG00000130511,3.5784156,2.8562624,large,mid,,
ENSG00000157368,7.3740563,5.7278333,large,mid,,
ENSG00000111058,20.454224,9.23985,large,mid,,
ENSG00000108352,4.5873203,5.47506,large,mid,,
ENSG00000105538,8.387691,0.7342225,large,small,,
ENSG00000261183,4.888294,4.0475826,large,mid,,
ENSG00000107611,9.312128,1.3534716,large,small,,
ENSG00000227258,14.786997,4.29975,large,mid,,
ENSG00000142227,4.0509257,3.5224023,large,mid,,
ENSG00000166130,14.766349,3.2212777,large,mid,,
ENSG00000166147,18.03813,4.0916176,large,mid,,
ENSG00000236829,3.8663366,5.854397,large,mid,,
ENSG00000223403,5.505295,1.2648425,large,small,,
ENSG00000105270,4.956063,2.858756,large,mid,,
ENSG00000183421,8.470868,2.5073044,large,mid,,
ENSG00000250616,3.548462,3.2178717,large,mid,,
ENSG00000270000,5.158185,3.8748834,large,mid,,
ENSG00000140398,7.2269073,3.8401709,large,mid,,
ENSG00000188662,5.4572945,1.5512947,large,small,,
ENSG00000182612,10.226228,2.8847122,large,mid,,
ENSG00000173546,6.5041237,3.540428,large,mid,,
ENSG00000126860,10.823059,1.8473256,large,small,,
ENSG00000140092,11.305964,3.1147776,large,mid,,
ENSG00000034152,10.655264,1.5607538,large,small,,
ENSG00000275023,8.002058,4.159271,large,mid,,
ENSG00000169189,9.012661,3.5060554,large,mid,,
ENSG00000104331,21.57678,7.6705275,large,mid,,
ENSG00000138193,14.307687,9.401615,large,mid,,
ENSG00000151322,6.5584936,2.7780428,large,mid,,
ENSG00000185527,4.5903153,2.5740445,large,mid,,
ENSG00000183963,5.8316984,2.2005122,large,small,,
ENSG00000166479,7.058167,2.8382046,large,mid,,
ENSG00000101489,7.6608715,0.42686853,large,small,,
ENSG00000103196,4.758151,0.84372693,large,small,,
ENSG00000101160,5.4146495,0.7107179,large,small,,
ENSG00000078328,14.862892,5.13249,large,mid,,
ENSG00000185046,18.794378,7.4966793,large,mid,,
ENSG00000100299,4.22489,2.4383333,large,mid,,
ENSG00000184602,7.265848,4.5925546,large,mid,,
ENSG00000276023,5.613129,2.988609,large,mid,,
ENSG00000099957,6.179554,5.192257,large,mid,,
ENSG00000207561,4.389348,5.5855126,large,mid,,
ENSG00000108557,3.9896197,0.826606,large,small,,
ENSG00000101439,9.219571,3.4488502,large,mid,,
ENSG00000213965,4.8669815,3.3255146,large,mid,,
ENSG00000179954,4.57732,2.015373,large,mid,,
ENSG00000172081,7.307912,2.1690383,large,mid,,
ENSG00000107798,8.903904,4.5376353,large,mid,,
ENSG00000104147,4.832273,0.37605175,large,small,,
ENSG00000120675,14.117456,3.1058996,large,mid,,
ENSG00000100346,3.983855,4.84072,large,mid,,
ENSG00000148516,23.374739,7.390192,large,mid,,
ENSG00000076641,16.950289,13.943496,large,mid,,
ENSG00000100003,4.3055415,1.3463669,large,small,,
ENSG00000184828,9.29398,6.074383,large,mid,,
ENSG00000101336,7.697012,5.0288734,large,mid,,
ENSG00000100027,4.076736,4.4733534,large,mid,,
ENSG00000257219,15.329599,2.1383283,large,small,,
ENSG00000027075,9.155732,0.46697164,large,small,,
ENSG00000118680,7.4186397,5.5399146,large,mid,,
ENSG00000136478,7.987682,5.9480686,large,mid,,
ENSG00000070388,3.5308466,4.0222163,large,mid,,
ENSG00000277399,4.949251,4.3670087,large,mid,,
ENSG00000065320,6.072337,3.5929055,large,mid,,
ENSG00000130529,3.030727,4.8845916,large,mid,,
ENSG00000100918,4.3352885,3.2923975,large,mid,,
ENSG00000141576,7.2243485,2.3641233,large,mid,,
ENSG00000168398,13.919076,0.58397764,large,small,,
ENSG00000108819,5.726026,1.7301723,large,small,,
ENSG00000089847,3.351969,1.5412047,large,small,,
ENSG00000157554,7.5807214,1.6910768,large,mid,,
ENSG00000254995,5.0099025,2.4348435,large,mid,,
ENSG00000268889,3.052374,2.2869606,large,mid,,
ENSG00000133424,4.674555,0.861847,large,small,,
ENSG00000186469,5.4918623,1.1067477,large,small,,
ENSG00000140937,13.734357,0.33178493,large,small,,
ENSG00000206129,45.77085,1.8765235,large,small,,
ENSG00000102934,3.771634,4.179549,large,mid,,
ENSG00000072110,8.652552,4.0143514,large,mid,,
ENSG00000205189,18.106077,7.138864,large,mid,,
ENSG00000103335,6.079418,1.8792938,large,small,,
ENSG00000171302,3.9354424,5.6652546,large,mid,,
ENSG00000105329,6.9405055,2.0200348,large,mid,,
ENSG00000171451,19.872488,0.25274268,large,small,,
ENSG00000267260,3.1938086,2.1167588,large,mid,,
ENSG00000176014,6.679136,4.2188582,large,mid,,
ENSG00000247134,26.783928,0.7517051,large,small,,
ENSG00000154229,,0.8382095,,small,9.727615,large
ENSG00000141068,,0.5346338,,small,2.0584831,mid
ENSG00000262801,,1.8190383,,small,7.077721,large
ENSG00000180233,,2.3911939,,small,2.9593298,mid
ENSG00000077150,,1.28928,,small,1.6905153,mid
ENSG00000069424,,3.4205723,,small,6.321858,mid
ENSG00000145623,,2.3873236,,small,10.431458,mid
ENSG00000198795,,1.7024692,,small,6.0642424,large
ENSG00000109501,,3.1215987,,small,2.7069657,mid
ENSG00000186088,,1.4304793,,small,5.306723,mid
ENSG00000266088,,2.2319508,,small,5.5296116,large
ENSG00000166813,,0.39743215,,small,5.6084723,large
ENSG00000138131,,1.7796973,,small,2.516578,mid
ENSG00000142798,,0.47186306,,small,7.1811066,mid
ENSG00000075426,,0.8274162,,small,9.266803,mid
ENSG00000265625,,1.5369239,,small,1.536917,mid
ENSG00000182054,,1.3367372,,small,1.1314682,mid
ENSG00000267257,,1.0128298,,small,4.893178,large
ENSG00000241749,,1.659238,,small,12.611887,large
ENSG00000078177,,0.43576756,,small,6.259061,mid
ENSG00000143869,,1.6490551,,small,5.3758183,mid
ENSG00000011028,,0.23980097,,small,4.838825,large
ENSG00000164291,,5.3816433,,small,11.153849,mid
ENSG00000133687,,0.14653923,,small,19.389957,large
ENSG00000271978,,1.3339962,,small,3.5883913,mid
ENSG00000039560,,0.8080796,,small,13.042002,mid
ENSG00000185561,,1.5179127,,small,3.1752381,mid
ENSG00000140009,,1.533638,,small,2.8431535,mid
ENSG00000100852,,0.72872615,,small,5.0920086,large
ENSG00000142089,,2.3970628,,small,1.5793492,mid
ENSG00000177699,,0.6554493,,small,2.365023,mid
ENSG00000167676,,1.4165981,,small,1.1273124,mid
ENSG00000104951,,1.0806044,,small,2.9384832,mid
ENSG00000264456,,0.6497506,,small,2.557895,mid
ENSG00000169814,,6.571726,,small,8.611703,mid
ENSG00000196639,,5.97945,,small,14.818683,mid
ENSG00000185262,,1.0197225,,small,1.677894,mid
ENSG00000008441,,1.1654608,,small,4.118479,large
ENSG00000145244,,2.699758,,small,2.9126682,mid
ENSG00000184588,,4.7428126,,small,18.256721,mid
ENSG00000232445,,0.79435927,,small,4.4093432,mid
ENSG00000119866,,5.6612687,,small,5.480853,mid
ENSG00000067208,,4.623944,,small,8.437432,mid
ENSG00000185507,,0.61516315,,small,7.7785826,large
ENSG00000033122,,1.8229254,,small,15.327475,mid
ENSG00000259151,,1.0487561,,small,3.6224506,large
ENSG00000099625,,1.7251649,,small,2.0926125,mid
ENSG00000133216,,1.3345397,,small,4.255397,mid
ENSG00000126785,,1.3397893,,small,2.6993616,mid
ENSG00000181894,,1.5503533,,small,0.9798733,mid
ENSG00000171517,,1.7070787,,small,10.993893,mid
ENSG00000166313,,2.1187093,,small,6.842715,large
ENSG00000141198,,2.164788,,small,15.820173,large
ENSG00000187720,,1.4512608,,small,28.76417,large
ENSG00000104611,,1.264821,,small,7.0067177,mid
ENSG00000106125,,3.062939,,small,8.168048,mid
ENSG00000070371,,2.0719852,,small,13.913616,large
ENSG00000168071,,2.082104,,small,2.7025354,mid
ENSG00000169490,,0.33193743,,small,2.1755517,mid
ENSG00000169902,,4.2912784,,small,16.209173,mid
ENSG00000166900,,2.3726869,,small,8.209002,large
ENSG00000035403,,1.945779,,small,1.3647609,mid
ENSG00000163293,,5.025574,,small,4.2234697,mid
ENSG00000217801,,2.187293,,small,3.9998848,mid
ENSG00000108622,,2.1887498,,small,2.5923111,mid
ENSG00000198792,,1.9165589,,small,4.9815974,large
ENSG00000101188,,1.6873394,,small,7.8979664,large
ENSG00000124772,,3.7577932,,small,3.8798912,mid
ENSG00000125378,,0.43004975,,small,6.71351,large
ENSG00000116729,,4.2521367,,small,15.6975355,mid
ENSG00000173567,,2.255727,,small,4.3791447,mid
ENSG00000141449,,0.49927688,,small,10.8245945,large
ENSG00000188501,,0.2861804,,small,1.0721431,mid
ENSG00000104081,,1.4922423,,small,2.9143598,mid
ENSG00000137207,,3.172435,,small,2.2549622,mid
ENSG00000104998,,1.2057072,,small,2.1552732,mid
ENSG00000013364,,1.0334694,,small,1.0547707,mid
ENSG00000099377,,0.2168188,,small,2.015629,mid
ENSG00000170017,,0.29364207,,small,141.58714,mid
ENSG00000214944,,3.9713693,,small,7.4872065,mid
ENSG00000132000,,1.1547153,,small,1.4111619,mid
ENSG00000151067,,0.90491605,,small,7.8878083,mid
ENSG00000104219,,0.82060134,,small,50.451317,large
ENSG00000104903,,1.109264,,small,3.7455688,large
ENSG00000232807,,1.3770442,,small,3.8477414,mid
ENSG00000275638,,0.8659075,,small,4.0791893,large
ENSG00000100504,,0.3909606,,small,15.632946,large
ENSG00000218018,,2.0847826,,small,1.7662162,mid
ENSG00000164171,,7.6814747,,small,10.706799,mid
ENSG00000165507,,0.7082426,,small,2.4678168,mid
ENSG00000144031,,0.49925578,,small,4.342,mid
ENSG00000176749,,0.6705362,,small,1.9547497,mid
ENSG00000111186,,0.40719247,,small,3.445892,mid
ENSG00000124588,,3.095359,,small,2.2616525,mid
ENSG00000151348,,2.2588668,,small,2.2952347,mid
ENSG00000264070,,1.4765936,,small,1.8281053,mid
ENSG00000267787,,1.6865474,,small,1.5181341,mid
ENSG00000119986,,0.61498564,,small,2.0930731,mid
ENSG00000103740,,1.1822107,,small,1.1773527,mid
ENSG00000145284,,3.5168247,,small,11.837956,mid
ENSG00000084764,,3.9982934,,small,4.1974835,mid
ENSG00000157613,,1.883736,,small,1.6979346,mid
ENSG00000172380,,2.5201783,,small,7.3651247,mid
ENSG00000174099,,1.7388923,,small,9.733024,mid
ENSG00000197046,,1.0919356,,small,1.2678225,mid
ENSG00000114988,,5.558133,,small,4.7405305,mid
ENSG00000105088,,1.3520671,,small,1.4345974,mid
ENSG00000184068,,0.4871191,,small,2.6468234,mid
ENSG00000102935,,1.8386575,,small,1.8921438,mid
ENSG00000120896,,2.019913,,small,5.4032717,mid
ENSG00000171502,,0.27087018,,small,22.380013,mid
ENSG00000225648,,2.2336,,small,3.4854832,mid
ENSG00000175356,,0.21694587,,small,2.7510574,mid
ENSG00000118473,,1.8134345,,small,6.685793,mid
ENSG00000108771,,0.5318378,,small,2.210615,mid
ENSG00000166126,,1.5126277,,small,1.0433571,mid
ENSG00000115310,,0.9072494,,small,6.172946,mid
ENSG00000182963,,0.8265593,,small,8.656432,large
ENSG00000074660,,1.499237,,small,1.8372487,mid
ENSG00000163453,,2.4400694,,small,12.912387,mid
ENSG00000125398,,0.3526974,,small,1.7355275,mid
ENSG00000225349,,1.8765883,,small,2.3719192,mid
ENSG00000104368,,3.1036117,,small,4.581839,mid
ENSG00000131370,,4.6526537,,small,3.9115307,mid
ENSG00000176349,,0.6808026,,small,11.162964,mid
ENSG00000154175,,4.6976986,,small,15.128906,mid
ENSG00000225793,,4.371266,,small,6.3196936,mid
ENSG00000186111,,0.70906365,,small,2.3981445,mid
ENSG00000138641,,2.1344879,,small,12.375274,mid
ENSG00000147459,,0.3673547,,small,2.5431366,mid
ENSG00000139174,,2.3983812,,small,5.105131,mid
ENSG00000152284,,0.30552378,,small,11.668504,mid
ENSG00000137266,,3.0788453,,small,3.515456,mid
ENSG00000270194,,6.294767,,small,97.51029,mid
ENSG00000115594,,1.480418,,small,4.8083386,mid
ENSG00000048740,,0.059210125,,small,20.794418,large
ENSG00000163513,,0.39884296,,small,6.0926213,mid
ENSG00000162618,,3.975276,,small,12.932964,mid
ENSG00000177303,,2.0778446,,small,1.5151219,mid
ENSG00000173068,,0.14725204,,small,28.183577,mid
ENSG00000230969,,0.7683546,,small,1.105436,mid
ENSG00000170545,,1.5831764,,small,2.822355,mid
ENSG00000073712,,0.30913273,,small,2.268584,mid
ENSG00000231105,,1.2636532,,small,7.4139333,mid
ENSG00000072134,,1.8988141,,small,12.515721,large
ENSG00000222005,,1.8077446,,small,9.987066,mid
ENSG00000110436,,0.9407108,,small,3.1132832,mid
ENSG00000150281,,1.9311552,,small,2.5203261,mid
ENSG00000154027,,2.2199595,,small,12.718943,mid
ENSG00000142156,,0.5766176,,small,2.3586528,mid
ENSG00000251442,,3.3940222,,small,3.0626976,mid
ENSG00000157933,,1.5085778,,small,7.344694,mid
ENSG00000282556,,1.5502601,,small,1.6126934,mid
ENSG00000077782,,0.5016585,,small,9.436304,mid
ENSG00000261253,,0.26196423,,small,2.3930864,mid
ENSG00000165929,,1.1215949,,small,5.018494,large
ENSG00000168952,,0.45441115,,small,5.8336596,large
ENSG00000137269,,2.2530777,,small,4.854415,mid
ENSG00000109680,,1.9003215,,small,20.533075,mid
ENSG00000136205,,1.4250581,,small,15.666198,mid
ENSG00000137834,,0.27759746,,small,2.4815607,mid
ENSG00000257345,,1.4224135,,small,3.1024349,mid
ENSG00000124104,,1.1370658,,small,3.7192965,large
ENSG00000206634,,3.1546721,,small,8.657202,mid
ENSG00000280239,,1.6308494,,small,4.3404255,large
ENSG00000162599,,5.198938,,small,4.535944,mid
ENSG00000167995,,0.60840124,,small,1.4952879,mid
ENSG00000146197,,4.235105,,small,3.8747263,mid
ENSG00000175170,,1.2651087,,small,1.9039384,mid
ENSG00000087303,,0.57585835,,small,8.094201,large
ENSG00000127920,,0.58256173,,small,4.721726,mid
ENSG00000157578,,1.5948219,,small,40.09488,large
ENSG00000278941,,1.8771664,,small,1.5904095,mid
ENSG00000156535,,3.6011295,,small,7.2576985,mid
ENSG00000158089,,3.2608635,,small,6.5739856,mid
ENSG00000116675,,2.7038639,,small,5.47302,mid
ENSG00000124635,,2.8176663,,small,3.3934603,mid
ENSG00000237638,,2.505394,,small,5.1579876,mid
ENSG00000189045,,0.13352048,,small,9.461736,mid
ENSG00000062582,,3.2875144,,small,8.356565,mid
ENSG00000104695,,1.888127,,small,1.8709662,mid
ENSG00000136425,,0.43787068,,small,1.7786206,mid
ENSG00000272620,,3.9766989,,small,3.894591,mid
ENSG00000101150,,1.6426369,,small,1.4607009,mid
ENSG00000105711,,0.657614,,small,6.149604,large
ENSG00000244165,,0.2680683,,small,0.97199094,mid
ENSG00000237172,,1.5025764,,small,1.985272,mid
ENSG00000076067,,1.996042,,small,2.9242203,mid
ENSG00000125089,,2.4011064,,small,4.744737,mid
ENSG00000170899,,0.563405,,small,2.2000475,mid
ENSG00000108370,,0.9876197,,small,1.992224,mid
ENSG00000180481,,0.6509226,,small,1.7914914,mid
ENSG00000139200,,1.084471,,small,1.953648,mid
ENSG00000146592,,0.43638742,,small,2.5927649,mid
ENSG00000232453,,0.17274123,,small,5.8065243,mid
ENSG00000185532,,0.488198,,small,9.825694,large
ENSG00000236200,,2.6786187,,small,9.537446,mid
ENSG00000117245,,1.2223425,,small,4.188512,mid
ENSG00000279819,,0.20258099,,small,2.176127,mid
ENSG00000184305,,3.692895,,small,40.944588,mid
ENSG00000131242,,1.0377629,,small,1.1261927,mid
ENSG00000112655,,0.51716727,,small,5.239177,mid
ENSG00000273824,,0.3714553,,small,2.3446937,mid
ENSG00000284693,,3.7926552,,small,4.479928,mid
ENSG00000175352,,1.4063556,,small,3.9317124,mid
ENSG00000074657,,1.5009154,,small,5.0281887,large
ENSG00000245080,,4.045725,,small,4.3793287,mid
ENSG00000169855,,5.8729067,,small,23.03508,mid
ENSG00000157388,,2.3559277,,small,5.691439,mid
ENSG00000236935,,2.082104,,small,2.7025354,mid
ENSG00000241525,,0.5443533,,small,2.439494,mid
ENSG00000178150,,1.1567962,,small,1.4846146,mid
ENSG00000171812,,3.5854065,,small,4.624969,mid
ENSG00000255737,,0.36412108,,small,5.77253,mid
ENSG00000231793,,2.2101285,,small,2.0997937,mid
ENSG00000233264,,3.7403746,,small,4.083609,mid
ENSG00000185880,,1.5601473,,small,2.0276878,mid
ENSG00000104892,,1.5593095,,small,1.5004299,mid
ENSG00000061273,,1.2156776,,small,2.2210946,mid
ENSG00000174130,,1.6701312,,small,4.7684903,mid
ENSG00000225783,,1.3819513,,small,2.892104,mid
ENSG00000165731,,0.49143425,,small,2.6316552,mid
ENSG00000259146,,1.4956726,,small,1.5317392,mid
ENSG00000152527,,5.8711147,,small,5.387367,mid
ENSG00000139626,,1.1888539,,small,2.250075,mid
ENSG00000005884,,1.7284197,,small,1.8163682,mid
ENSG00000162614,,3.2137432,,small,8.741524,mid
ENSG00000164855,,1.114074,,small,3.734149,mid
ENSG00000166482,,0.37831032,,small,6.3236017,large
ENSG00000179406,,0.7834171,,small,14.868645,mid
ENSG00000181588,,0.7882891,,small,6.5341644,large
ENSG00000217527,,2.9093575,,small,3.66973,mid
ENSG00000157214,,4.483491,,small,5.926208,mid
ENSG00000086730,,0.85753477,,small,2.5468032,mid
ENSG00000158125,,3.2107687,,small,14.909084,mid
ENSG00000160255,,0.54984564,,small,3.088455,mid
ENSG00000154864,,1.3302189,,small,0.91430837,mid
ENSG00000204257,,3.8482995,,small,2.931212,mid
ENSG00000232295,,1.3315909,,small,8.506262,mid
ENSG00000197826,,1.0603698,,small,6.754486,mid
ENSG00000221102,,1.544717,,small,5.9023685,large
ENSG00000069869,,0.30138388,,small,15.377783,large
ENSG00000148484,,1.1359413,,small,6.266216,mid
ENSG00000151575,,0.58398485,,small,1.1136365,mid
ENSG00000266946,,1.4460721,,small,1.0040044,mid
ENSG00000184304,,0.585391,,small,4.1067524,large
ENSG00000147408,,3.0326455,,small,3.6414905,mid
ENSG00000177363,,0.979182,,small,4.0666265,mid
ENSG00000268573,,1.9694111,,small,11.750348,large
ENSG00000258457,,0.5801004,,small,1.5829794,mid
ENSG00000260898,,0.60107017,,small,1.2517052,mid
ENSG00000159714,,0.57866323,,small,1.9657747,mid
ENSG00000163702,,1.7669259,,small,5.022069,mid
ENSG00000137936,,3.9344997,,small,4.2259693,mid
ENSG00000165521,,0.42650485,,small,7.9967666,large
ENSG00000130304,,1.9282149,,small,1.3096178,mid
ENSG00000214093,,1.092671,,small,1.3811313,mid
ENSG00000189129,,2.4477367,,small,4.067588,mid
ENSG00000204261,,4.480596,,small,2.4415739,mid
ENSG00000178922,,4.3682995,,small,9.759146,mid
ENSG00000223768,,1.0873854,,small,0.9533152,mid
ENSG00000229951,,0.48387292,,small,8.897175,mid
ENSG00000268001,,1.4637829,,small,1.7271112,mid
ENSG00000090339,,0.43847415,,small,1.3960365,mid
ENSG00000168878,,4.3625507,,small,4.5523005,mid
ENSG00000186866,,1.0873854,,small,0.9533152,mid
ENSG00000180448,,0.7815841,,small,2.6811476,mid
ENSG00000136573,,2.1250594,,small,5.354269,mid
ENSG00000105245,,0.84835696,,small,8.044338,large
ENSG00000207751,,1.9642622,,small,2.3945155,mid
ENSG00000073921,,1.6210799,,small,3.723752,mid
ENSG00000204264,,5.0244718,,small,2.4415739,mid
ENSG00000227051,,0.44428283,,small,4.451535,large
ENSG00000278896,,0.33064422,,small,3.0426166,mid
ENSG00000116285,,3.263506,,small,4.335888,mid
ENSG00000132386,,0.7911454,,small,6.5802293,large
ENSG00000140941,,0.7873485,,small,1.4368607,mid
ENSG00000174125,,1.6701312,,small,4.7684903,mid
ENSG00000002834,,0.54369676,,small,4.080208,large
ENSG00000223802,,0.839073,,small,6.699916,large
ENSG00000142192,,0.56625444,,small,2.4627047,mid
ENSG00000122707,,4.2238317,,small,4.6141567,mid
ENSG00000228727,,0.5002831,,small,3.5001168,mid
ENSG00000147570,,1.9963126,,small,3.6496942,mid
ENSG00000196781,,0.9424798,,small,7.559614,mid
ENSG00000246640,,1.7284197,,small,1.8163682,mid
ENSG00000241163,,0.84280694,,small,9.038114,mid
ENSG00000232284,,2.8804045,,small,7.600178,mid
ENSG00000120899,,0.751725,,small,3.631809,mid
ENSG00000167772,,1.6755458,,small,3.773369,large
ENSG00000178852,,1.4965378,,small,1.6679089,mid
ENSG00000151208,,1.8005724,,small,11.028871,large
ENSG00000153904,,0.49226978,,small,31.849878,mid
ENSG00000121440,,2.13301,,small,20.797417,mid
ENSG00000171766,,1.4768656,,small,1.2641577,mid
ENSG00000028277,,1.6046427,,small,2.3218558,mid
ENSG00000196526,,2.9663293,,small,7.4604564,mid
ENSG00000156113,,0.8195597,,small,6.273034,mid
ENSG00000162522,,0.6547035,,small,7.4852386,mid
ENSG00000272259,,0.43766892,,small,1.3976245,mid
ENSG00000272463,,0.38267553,,small,2.341146,mid
ENSG00000074219,,1.3220415,,small,7.071162,large
ENSG00000136928,,0.95768464,,small,13.583261,mid
ENSG00000185340,,0.8094534,,small,2.2077258,mid
ENSG00000105483,,1.4637829,,small,1.7271112,mid
ENSG00000138814,,1.6362575,,small,12.267795,mid
ENSG00000105011,,1.8143973,,small,1.5815762,mid
ENSG00000236130,,1.6395767,,small,2.896444,mid
ENSG00000242114,,1.793241,,small,1.574815,mid
ENSG00000221968,,2.2720861,,small,3.436878,mid
ENSG00000099840,,1.8482975,,small,1.2868935,mid
ENSG00000008323,,1.6588161,,small,3.6054127,mid
ENSG00000240065,,4.480596,,small,2.4415739,mid
ENSG00000253837,,2.2164629,,small,9.688382,mid
ENSG00000235672,,0.85782886,,small,2.3516052,mid
ENSG00000164951,,3.38586,,small,6.5971127,mid
ENSG00000168615,,0.33193743,,small,2.1755517,mid
ENSG00000255197,,0.74148005,,small,2.5232236,mid
ENSG00000224464,,7.401953,,small,3.7223675,mid
ENSG00000110042,,0.63944584,,small,2.931492,mid
ENSG00000166920,,1.2034733,,small,2.5672936,mid
ENSG00000130038,,1.2195425,,small,5.8672714,mid
ENSG00000156011,,1.1829102,,small,27.435066,large
ENSG00000017427,,0.61365056,,small,3.1301384,mid
ENSG00000013375,,2.4786162,,small,5.8071804,mid
ENSG00000156711,,0.845617,,small,4.0850606,mid
ENSG00000213928,,0.76101476,,small,1.0948399,mid
ENSG00000132561,,1.7516067,,small,7.139465,mid
ENSG00000240823,,1.0895615,,small,1.9559289,mid
ENSG00000172927,,0.8534815,,small,4.1171684,mid
ENSG00000128918,,1.4437685,,small,4.3110795,large
ENSG00000153558,,4.973219,,small,18.260418,mid
ENSG00000111305,,1.5573037,,small,16.415451,large
ENSG00000099822,,1.4049766,,small,2.7729068,mid
ENSG00000149948,,1.1668236,,small,12.3406,mid
ENSG00000173838,,0.8638182,,small,15.254314,large
ENSG00000142875,,2.895271,,small,24.5447,mid
ENSG00000171150,,1.8077446,,small,9.987066,mid
ENSG00000213842,,3.6752555,,small,8.390254,mid
ENSG00000139324,,0.38947156,,small,6.778805,mid
ENSG00000057704,,0.3077441,,small,2.056967,mid
ENSG00000168575,,3.1224701,,small,13.057093,large
ENSG00000136449,,0.47649217,,small,1.4523207,mid
ENSG00000138311,,1.3972288,,small,14.467175,large
ENSG00000007866,,4.0107403,,small,6.8122625,mid
ENSG00000153814,,3.972741,,small,6.50996,mid
ENSG00000124942,,1.8768921,,small,1.9270674,mid
ENSG00000265692,,0.46010494,,small,1.7655501,mid
ENSG00000279748,,0.30125368,,small,0.9083179,mid
ENSG00000188215,,1.8417445,,small,2.9481437,mid
ENSG00000257913,,0.32462424,,small,2.0758588,mid
ENSG00000197296,,0.44533023,,small,1.9725212,mid
ENSG00000066032,,3.847893,,small,39.820744,mid
ENSG00000259735,,1.2802131,,small,1.6907083,mid
ENSG00000185483,,0.20570563,,small,15.9688015,mid
ENSG00000169752,,0.22064847,,small,1.1990038,mid
ENSG00000235609,,0.9475288,,small,6.816356,large
ENSG00000164237,,6.219548,,small,8.417941,mid
ENSG00000185924,,0.4898804,,small,1.9221667,mid
ENSG00000137393,,0.5145156,,small,3.733831,mid
ENSG00000011566,,2.2392085,,small,8.172352,mid
ENSG00000152990,,0.24724089,,small,81.282326,mid
ENSG00000140481,,0.2944129,,small,7.956286,large
ENSG00000172346,,2.191738,,small,6.202843,large
ENSG00000151693,,0.74427223,,small,7.024502,mid
ENSG00000156127,,0.32947755,,small,1.7631829,mid
ENSG00000230107,,0.3891424,,small,2.3979146,mid
ENSG00000108551,,0.6669824,,small,2.8492694,mid
ENSG00000198342,,0.33546793,,small,6.5704885,large
ENSG00000182179,,4.7506094,,small,5.0781355,mid
ENSG00000111664,,2.3938444,,small,3.1371274,mid
ENSG00000111110,,1.456666,,small,21.0084,large
ENSG00000101335,,0.33651552,,small,5.423455,large
ENSG00000280388,,2.2241087,,small,3.4536757,mid
ENSG00000230709,,0.8309705,,small,1.1143291,mid
ENSG00000260601,,1.363759,,small,4.2406173,large
ENSG00000257242,,0.76456827,,small,3.198043,mid
ENSG00000231312,,1.9239959,,small,8.339118,mid
ENSG00000124140,,1.1319748,,small,1.3724453,mid
ENSG00000071282,,1.3847603,,small,6.107977,mid
ENSG00000130590,,1.0800552,,small,1.684371,mid
ENSG00000162390,,1.8484812,,small,12.415956,mid
ENSG00000160050,,4.6831493,,small,3.8636496,mid
ENSG00000146648,,1.7189837,,small,10.042597,mid
ENSG00000162510,,0.43594778,,small,4.655823,mid
ENSG00000135362,,0.99009496,,small,3.6149833,mid
ENSG00000134343,,1.2511784,,small,10.338418,large
ENSG00000165912,,0.49184433,,small,4.1993217,mid
ENSG00000197712,,1.6560128,,small,4.8202405,mid
ENSG00000276718,,0.54398286,,small,2.4956067,mid
ENSG00000273243,,1.3406147,,small,2.7398272,mid
ENSG00000265148,,2.0960221,,small,3.112226,mid
ENSG00000144712,,6.2347536,,small,6.294382,mid
