,min_dist_HFFC6,min_dist_GM12878,quartile_cat_HFFC6,quartile_cat_GM12878,log2FoldChange,padj
ENSG00000154229,0.8382095,9.727615,small,large,-5.886899686212245,9.518588636035334e-255
ENSG00000215012,2.2521334,5.7654023,mid,large,-0.37867278603681265,0.010547332617069003
ENSG00000171408,63.698032,107.642166,mid,large,-7.032268883767193,5.147663227143403e-06
ENSG00000050820,2.8684576,5.579579,mid,large,-3.6976222037122835,1.444634852592934e-163
ENSG00000112584,63.698032,107.642166,mid,large,-0.9116464381740511,1.522938151110856e-12
ENSG00000065000,4.35337,3.2567022,mid,large,-0.8185971050279196,5.52368038038375e-14
ENSG00000198795,1.7024692,6.0642424,small,large,-5.8279396195410245,2.114237563356365e-10
ENSG00000130844,2.1634197,16.691288,mid,large,-1.2095842991633239,6.07627858007555e-13
ENSG00000141905,2.3913157,5.0461674,mid,large,-2.3922710249704404,1.285353188291289e-68
ENSG00000039523,4.1194015,4.714407,mid,large,-1.8779506115727442,5.742165566039513e-52
ENSG00000123500,63.698032,107.642166,mid,large,-8.241479247576095,0.002260906427360453
ENSG00000149054,8.666043,17.84124,mid,large,-1.2467634532198657,4.1833868692176124e-07
ENSG00000166813,0.39743215,5.6084723,small,large,-7.050177555892847,7.03135773902411e-124
ENSG00000104047,1.2106441,22.91032,small,large,-1.7442208234187906,1.8187065729995946e-32
ENSG00000164483,63.698032,107.642166,mid,large,-2.135077211453254,0.0008849876252040199
ENSG00000093144,63.698032,107.642166,mid,large,-0.36910313866718675,0.008806125770458055
ENSG00000151376,2.6376941,13.812139,mid,large,-4.4599672496043645,2.6836454180075464e-16
ENSG00000047932,63.698032,107.642166,mid,large,-1.317428442022854,1.5081480944899914e-15
ENSG00000172123,0.3695119,4.1256623,small,large,-1.1495664145854392,2.7062643186090873e-08
ENSG00000103507,3.4424162,3.9338572,mid,large,-0.6529733102668704,1.6482789753502052e-06
ENSG00000241749,1.659238,12.611887,small,large,-8.574672968665007,4.47859593204887e-09
ENSG00000032444,3.8075826,7.717602,mid,large,-0.6615894907373733,1.6257848971046513e-05
ENSG00000181472,63.698032,107.642166,mid,large,-0.3661133334320628,0.029545333506841517
ENSG00000011028,0.23980097,4.838825,small,large,-8.746082495670983,0.0
ENSG00000125868,3.9696121,9.634134,mid,large,-3.862691103459812,2.8334897332161975e-127
ENSG00000100852,0.72872615,5.0920086,small,large,-2.827438783658164,5.787359636923885e-72
ENSG00000257267,1.9694111,11.750348,small,large,-1.4086884544161855,1.7236037293496034e-17
ENSG00000090006,4.92655,3.5445023,mid,large,-0.6894856270461462,0.005687798397877543
ENSG00000103196,0.84372693,13.039826,small,large,-6.581928471527163,1.9202186291532553e-69
ENSG00000137177,5.3586254,17.034342,mid,large,-7.8351437131177075,1.702345374153122e-216
ENSG00000175866,4.4090576,4.299208,mid,large,-5.7093539445366845,1.605606030802743e-75
ENSG00000069966,5.14743,5.0974226,mid,large,-0.9905812226840766,4.155888785450333e-05
ENSG00000008441,1.1654608,4.118479,small,large,-6.790328470682979,8.973810347483293e-240
ENSG00000269044,3.7573743,4.1619573,mid,large,-0.5662261338957681,0.032381583526236414
ENSG00000130005,1.3833611,3.3508265,small,large,-0.41780326979243754,0.04468483231953658
ENSG00000175595,1.5246532,3.4267042,small,large,-0.4792776981287732,0.006603925770006209
ENSG00000127526,0.45668027,5.1030903,small,large,-1.2492215518125431,2.993934756548799e-14
ENSG00000164484,63.698032,107.642166,mid,large,-3.550789338703171,8.367511738446593e-60
ENSG00000126351,3.3393464,4.59896,mid,large,-4.145343113914732,6.911320926534218e-134
ENSG00000125124,4.2419353,3.505696,mid,large,-1.5453771605130708,2.3876599998808794e-25
ENSG00000166313,2.1187093,6.842715,small,large,-2.031045580985494,1.1981560656173496e-26
ENSG00000141198,2.164788,15.820173,small,large,-3.190605023282685,1.2711838413116034e-34
ENSG00000166263,2.1404579,8.899819,small,large,-1.1586057145066184,3.4606628963139398e-12
ENSG00000187720,1.4512608,28.76417,small,large,-8.900783198479331,1.0522155182046128e-95
ENSG00000173546,3.540428,4.097029,mid,large,-5.497685447288337,2.2380965024108733e-233
ENSG00000100722,0.9886186,8.906275,small,large,-0.7619569801184652,3.010043366156287e-10
ENSG00000172348,14.446057,14.584038,mid,large,-3.567566796830669,0.001958916293274203
ENSG00000070404,4.5399384,3.1496382,mid,large,-3.571844574709447,1.8073156252663905e-106
ENSG00000126214,4.623071,5.103803,mid,large,-0.5628451257422188,0.0007101288789565336
ENSG00000070371,2.0719852,13.913616,small,large,-5.670908998950489,1.4948316032395726e-46
ENSG00000207561,5.5855126,4.269025,mid,large,-2.865376222976354,7.144629175350211e-07
ENSG00000275832,4.658377,4.5091853,mid,large,-5.406090146391947,0.0
ENSG00000079931,63.698032,107.642166,mid,large,-7.324489950428189,9.506881673992856e-119
ENSG00000055211,63.698032,107.642166,mid,large,-1.1797969903175956,1.1619676714474753e-23
ENSG00000138613,3.2545547,3.8397226,mid,large,-1.4295802153370218,3.0179993590236614e-14
ENSG00000166900,2.3726869,8.209002,small,large,-4.116523387621007,2.1998713345633756e-54
ENSG00000198792,1.9165589,4.9815974,small,large,-2.6227980031827647,9.154764437125739e-88
ENSG00000072778,2.200293,4.6360073,small,large,-1.4351730688336661,1.69713618242322e-30
ENSG00000140948,3.801665,9.049176,mid,large,-6.431427977796619,5.148853230201408e-103
ENSG00000101188,1.6873394,7.8979664,small,large,-6.661631585989981,7.581221713712399e-22
ENSG00000146426,63.698032,107.642166,mid,large,-2.394839209851577,7.051688503884603e-26
ENSG00000125378,0.43004975,6.71351,small,large,-3.958109768122564,1.2370262871141218e-12
ENSG00000006016,5.3022823,4.6269937,mid,large,-3.908931469765423,1.6479229553751045e-07
ENSG00000071242,63.698032,107.642166,mid,large,-5.077309865126127,4.3904545269905577e-69
ENSG00000182670,4.608557,13.401703,mid,large,-1.1294606051509428,4.315108608549198e-12
ENSG00000132581,5.634633,4.5811105,mid,large,-1.9243641510215561,6.022159101989711e-22
ENSG00000112282,63.698032,107.642166,mid,large,-0.5775475659190715,4.5909195333992684e-06
ENSG00000141449,0.49927688,10.8245945,small,large,-6.716060504734624,1.9313107049648646e-11
ENSG00000090674,0.38566574,9.665098,small,large,-1.5431246951934297,1.5904557102893866e-13
ENSG00000001036,63.698032,107.642166,mid,large,-1.8700734150056004,2.5193237621482635e-23
ENSG00000123505,63.698032,107.642166,mid,large,-0.5652730080171618,2.7407929499222156e-05
ENSG00000112335,63.698032,107.642166,mid,large,-1.4282835774752882,1.3628388694768875e-21
ENSG00000185869,2.66333,3.788271,mid,large,-3.2432327424059006,9.792353278715211e-21
ENSG00000179981,1.0152843,8.195698,small,large,-0.7667068971275448,1.594841089167036e-05
ENSG00000104219,0.82060134,50.451317,small,large,-2.186396087489615,1.2724266499829533e-72
ENSG00000022277,0.2484758,8.68508,small,large,-1.0640197328604843,2.0928271965796483e-18
ENSG00000276023,2.988609,9.153658,mid,large,-2.9152793181776664,1.9504845222492907e-57
ENSG00000100504,0.3909606,15.632946,small,large,-5.315718054456009,2.2189143157910712e-103
ENSG00000177427,5.3724294,4.831947,mid,large,-1.5771613639095123,9.75109611985357e-16
ENSG00000187792,4.5339036,4.1151366,mid,large,-1.5609862484724173,1.904430261987733e-21
ENSG00000182621,3.0413032,9.889103,mid,large,-7.037610364126286,2.0619056512976522e-69
ENSG00000088256,3.1177514,5.283183,mid,large,-3.301927038387966,1.7020585015344478e-149
ENSG00000164494,63.698032,107.642166,mid,large,-0.5209843337607727,0.0032196639494109637
ENSG00000119682,4.3016644,7.1225142,mid,large,-0.43397003608816576,0.000898351781556497
ENSG00000167740,3.124977,7.743231,mid,large,-1.0955542517073553,0.00011224742381230561
ENSG00000132824,5.0076666,10.24046,mid,large,-2.3811549312571336,1.0060748858999212e-72
ENSG00000278948,5.0014,5.1188807,mid,large,-1.922384071205107,1.0030537340748215e-15
ENSG00000085377,63.698032,107.642166,mid,large,-0.6728521836090543,3.879197138735167e-07
ENSG00000130340,63.698032,107.642166,mid,large,-6.028819941966826,5.709678190245383e-184
ENSG00000224597,7.9320984,6.9858546,mid,large,-1.811593482804675,9.905884104320053e-22
ENSG00000100401,2.5141244,5.2430577,mid,large,-1.2842645079636181,2.9818518283132785e-24
ENSG00000078902,1.8371036,18.07147,small,large,-0.8525884906761142,1.8347549008073822e-10
ENSG00000133026,3.6310978,10.132678,mid,large,-5.059337435126348,2.4936160465985144e-241
ENSG00000101333,2.5772061,29.734482,mid,large,-11.059655432394559,3.6286003482320335e-61
ENSG00000182612,2.8847122,8.863277,mid,large,-4.980933772721611,4.895007668309169e-51
ENSG00000057663,63.698032,107.642166,mid,large,-0.541920597602949,0.0004935274576424357
ENSG00000054793,4.902762,8.728855,mid,large,-6.714463113681079,1.5607758671693364e-111
ENSG00000020426,0.44137183,4.0730696,small,large,-1.1148570623561538,1.7507366916887524e-11
ENSG00000119711,4.9925733,6.6953497,mid,large,-0.4405396922304783,0.03370769704707945
ENSG00000230417,8.502239,18.659616,mid,large,-8.605109320548816,0.0022146475251310694
ENSG00000105520,5.18035,4.6068516,mid,large,-5.257171382176377,1.8197457871547997e-122
ENSG00000133243,1.5772382,3.9892097,small,large,-0.5164003198154771,3.863384539744669e-05
ENSG00000131016,63.698032,107.642166,mid,large,-3.956455872959927,4.337566641857757e-33
ENSG00000100815,1.0011483,10.514775,small,large,-1.0985172615435856,7.403095964130771e-19
ENSG00000167186,3.514435,5.7171087,mid,large,-0.40604889905544966,0.03398503480821971
ENSG00000185808,4.608557,13.401703,mid,large,-0.6388184708946006,0.00392315438200582
ENSG00000213853,0.6819632,4.5628076,small,large,-1.9842008450479796,1.9768445667569013e-10
ENSG00000125170,3.0160525,4.943997,mid,large,-3.117726464650496,1.1036244510929884e-64
ENSG00000155975,5.113329,35.428356,mid,large,-1.7591701576430794,8.99651144292465e-24
ENSG00000177732,1.8669634,3.6263897,small,large,-0.609352835447908,1.1055997178740376e-06
ENSG00000138942,4.0848856,10.771708,mid,large,-0.7091999445233549,5.175347155958223e-05
ENSG00000127540,0.4828358,5.3793263,small,large,-0.5564152746956621,0.0023306464102173107
ENSG00000188554,0.38701782,9.085511,small,large,-2.349439177066984,1.0677800338862793e-60
ENSG00000141179,2.8689334,8.522921,mid,large,-1.2448692342429364,7.130750531300792e-08
ENSG00000155097,12.994632,89.07078,mid,large,-1.7034926337139131,1.0403732277242667e-40
ENSG00000197081,63.698032,107.642166,mid,large,-1.5300829945894423,2.1231187489441213e-16
ENSG00000215712,63.698032,107.642166,mid,large,-1.5599175704713477,1.1624866322524858e-20
ENSG00000009844,63.698032,107.642166,mid,large,-0.8243749235210308,2.3022279331423354e-09
ENSG00000170190,2.2622733,3.7417054,mid,large,-2.7641427652777413,1.469536279226796e-26
ENSG00000182963,0.8265593,8.656432,small,large,-4.66614418726316,2.4892686270626195e-119
ENSG00000162068,4.0551057,4.5558753,mid,large,-2.0615024831104414,0.029414778293598
ENSG00000205730,3.5268698,5.0990443,mid,large,-2.2570232997828947,2.2435603589107675e-28
ENSG00000131018,63.698032,107.642166,mid,large,-2.8170207962828226,2.3312935386847496e-93
ENSG00000131013,63.698032,107.642166,mid,large,-1.287974442442938,7.276618369649405e-15
ENSG00000154945,0.9126353,4.073221,small,large,-1.3963787295052723,8.96101242340176e-32
ENSG00000101439,3.4488502,4.707333,mid,large,-1.3064289526971902,1.3730605537228827e-15
ENSG00000130363,63.698032,107.642166,mid,large,-1.9885913260557935,2.5212045528231084e-16
ENSG00000103227,2.7788231,15.229816,mid,large,-2.6184742401180596,9.377340709974998e-23
ENSG00000140859,1.4971117,9.469169,small,large,-6.9632658656120405,2.673240632195683e-108
ENSG00000131943,4.952017,3.8050756,mid,large,-0.6540899946447344,0.0002773017543601028
ENSG00000248334,2.5111086,43.50044,mid,large,-3.4379427173426884,1.9791822789015872e-13
ENSG00000151474,5.6724567,9.276514,mid,large,-0.7983766491588874,1.7495907680627464e-06
ENSG00000074527,1.3130323,20.106594,small,large,-10.210404147608614,3.6196493362398633e-66
ENSG00000149256,0.9238671,8.682771,small,large,-9.223212955453619,1.6600006465080226e-57
ENSG00000177731,4.6898284,4.1924114,mid,large,-1.2852686469298278,1.4730128850990649e-19
ENSG00000146411,63.698032,107.642166,mid,large,-4.370267081932681,7.658124853858725e-07
ENSG00000122335,63.698032,107.642166,mid,large,-1.731782966264445,1.2272074154413661e-16
ENSG00000047346,4.8076725,7.287572,mid,large,-0.5423741130597695,0.01848996898678686
ENSG00000146425,63.698032,107.642166,mid,large,-1.761176083278391,5.586667602671704e-35
ENSG00000099949,1.9240204,7.329008,small,large,-0.44256982772914505,0.02244261320480021
ENSG00000183963,2.2005122,5.5171175,small,large,-3.7924222601589395,7.647993352060403e-74
ENSG00000170949,4.2161655,16.007853,mid,large,-0.8472060522228939,1.7052519139502426e-06
ENSG00000099940,3.4255161,7.5401096,mid,large,-0.4730314116747687,0.0003770735782740151
ENSG00000135535,63.698032,107.642166,mid,large,-0.6996907988886445,6.766618078573874e-09
ENSG00000170946,1.24458,8.929206,small,large,-0.4322285993504583,0.03125366192863806
ENSG00000072134,1.8988141,12.515721,small,large,-3.388197439466015,8.482830821368177e-92
ENSG00000091844,63.698032,107.642166,mid,large,-2.9541214462514667,0.03320193119129819
ENSG00000256053,4.7784133,4.79486,mid,large,-0.7414628879167049,6.270999712994748e-05
ENSG00000279453,63.698032,107.642166,mid,large,-2.37907094095619,2.1902950663064657e-17
ENSG00000178404,4.1915894,9.3221035,mid,large,-6.0241135904582785,8.775924664906047e-05
ENSG00000004660,3.065203,4.770426,mid,large,-3.7366395051295163,1.2088179485442098e-47
ENSG00000189241,63.698032,107.642166,mid,large,-1.600162306012813,1.220708532846844e-28
ENSG00000111911,63.698032,107.642166,mid,large,-0.9807681825044925,7.149777219484106e-08
ENSG00000175662,4.305028,4.9222746,mid,large,-3.8192486807485926,6.010638647825267e-76
ENSG00000166147,4.0916176,9.945346,mid,large,-6.110051760650202,0.0
ENSG00000198453,2.66333,3.788271,mid,large,-3.8534024999579115,1.1833347160464722e-32
ENSG00000100938,3.245212,5.1440954,mid,large,-0.6650049588530363,6.92044594991338e-06
ENSG00000111961,63.698032,107.642166,mid,large,-9.32920850853374,9.722905793739292e-155
ENSG00000168952,0.45441115,5.8336596,small,large,-3.814377963842821,4.590564198940864e-51
ENSG00000271303,5.8124633,5.0721736,mid,large,-1.2642360314390402,0.0031465002181380966
ENSG00000135341,3.5318072,15.222454,small,large,-0.8613951153471348,3.7068804343734912e-09
ENSG00000129422,15.542488,13.354323,mid,large,-1.2172480313235656,0.04538006161091078
ENSG00000124104,1.1370658,3.7192965,small,large,-4.61658536497099,2.1326917377086255e-81
ENSG00000197006,5.0515075,5.297746,mid,large,-0.9502831763236939,1.1419466265337434e-12
ENSG00000035862,2.6171296,10.020646,mid,large,-10.258498563770436,0.0
ENSG00000276075,4.978758,4.922055,mid,large,-2.3604874526225914,0.002901696945985923
ENSG00000131023,63.698032,107.642166,mid,large,-0.540138128902296,3.9147587856271226e-05
ENSG00000072952,4.2328715,8.622996,mid,large,-9.524989231416622,1.0974076197337386e-66
ENSG00000072849,5.8699827,7.3798323,mid,large,-0.6511601378232872,1.253688859122371e-06
ENSG00000129559,3.245212,5.1440954,mid,large,-0.9357192915954364,1.4351023397866878e-14
ENSG00000050165,3.084487,8.858669,mid,large,-11.858810621058922,2.179380721145828e-161
ENSG00000124145,2.8651664,5.74757,mid,large,-5.866164910126427,3.399354133314257e-285
ENSG00000235272,63.698032,107.642166,mid,large,-3.4079809661221407,7.051868658969787e-05
ENSG00000272047,63.698032,107.642166,mid,large,-1.629703638293166,4.2779659624337707e-23
ENSG00000008283,4.8871164,4.7765937,mid,large,-1.7118095430500984,2.82670741704952e-05
ENSG00000087303,0.57585835,8.094201,small,large,-9.965084807442807,2.0103186974987337e-136
ENSG00000157578,1.5948219,40.09488,small,large,-2.8490651181495217,0.0006071835747581798
ENSG00000180979,2.1011765,8.684256,mid,large,-1.365864150665779,1.3611277090203609e-15
ENSG00000171962,4.5710845,4.6283817,mid,large,-3.5981488697316064,0.0020286939106424237
ENSG00000260552,6.994232,8.832477,mid,large,-2.1876258783492037,0.010855275578206808
ENSG00000167291,2.3860152,7.9355574,mid,large,-7.460381762843122,1.9205958618556192e-107
ENSG00000176909,2.1791708,6.38731,mid,large,-2.5813424909141602,3.6008362923625437e-10
ENSG00000099365,3.4471884,4.3064437,mid,large,-1.569735185588859,6.063539716832191e-13
ENSG00000105711,0.657614,6.149604,small,large,-4.662309739937812,2.929010790134338e-23
ENSG00000111962,63.698032,107.642166,mid,large,-3.347542163920215,5.46377380211477e-54
ENSG00000112339,63.698032,107.642166,mid,large,-0.6168930221967108,6.63699682616352e-08
ENSG00000179889,2.7929416,6.8649273,mid,large,-0.4346027859772409,0.0029573028392125447
ENSG00000105270,2.858756,5.9823995,mid,large,-7.005324158417905,2.9582366551945994e-143
ENSG00000146433,63.698032,107.642166,mid,large,-2.6922896926216517,1.1711577095600288e-52
ENSG00000008710,1.7873311,3.5781796,small,large,-1.3342760531396387,2.559316343885609e-11
ENSG00000099385,3.3591712,3.3500614,mid,large,-1.4121821904784413,8.149875695429635e-18
ENSG00000020256,0.36319092,6.326033,small,large,-0.5348009102550759,0.00038033744469980016
ENSG00000162105,8.648562,19.140303,mid,large,-2.6002295709609258,0.0002613679402289443
ENSG00000111897,63.698032,107.642166,mid,large,-3.16363520695212,7.604655345004544e-73
ENSG00000067715,3.3603468,55.07508,mid,large,-7.245669643390728,5.446797496274422e-21
ENSG00000087460,4.914809,3.7405016,mid,large,-0.407757316203871,0.0034507954040068033
ENSG00000057657,63.698032,107.642166,mid,large,-0.5100288139181718,0.041356497321925055
ENSG00000186654,5.320348,5.729307,mid,large,-0.9438483052399338,0.03839232474539857
ENSG00000111052,9.565027,21.036512,mid,large,-6.921344595225497,1.4421806385239895e-50
ENSG00000142552,2.4501207,3.5853522,mid,large,-8.920089071917209,9.567152019781433e-65
ENSG00000258441,2.2927196,8.762391,mid,large,-0.8454863830249446,0.0008669593868071923
ENSG00000112419,63.698032,107.642166,mid,large,-2.426524759779678,1.0127864667529961e-62
ENSG00000137871,0.44873965,13.524902,small,large,-0.724780278773786,0.00013175194374270718
ENSG00000185532,0.488198,9.825694,small,large,-7.25818337060668,1.741281074843323e-34
ENSG00000197077,4.689404,4.3390703,mid,large,-2.7105590170997513,2.0436523526063662e-08
ENSG00000183579,5.2358885,8.131021,mid,large,-1.4570482557320361,1.0347507192492606e-11
ENSG00000171307,4.604949,6.9325395,mid,large,-1.2389240553120664,1.4464805722481984e-22
ENSG00000130349,63.698032,107.642166,mid,large,-0.680812868793204,0.0014828993296120458
ENSG00000175048,63.698032,107.642166,mid,large,-1.8711339258408006,9.609923620759853e-16
ENSG00000119616,4.3016644,7.1225142,mid,large,-0.8844896513209864,5.970850090776737e-12
ENSG00000164465,63.698032,107.642166,mid,large,-2.278718543012762,1.2907441991310758e-30
ENSG00000074657,1.5009154,5.0281887,small,large,-5.135089008551911,2.5163605314785757e-167
ENSG00000255112,2.1191926,12.262508,small,large,-1.1954471493126642,2.061834366062467e-17
ENSG00000155115,63.698032,107.642166,mid,large,-0.5078070874523603,0.00011213782219355613
ENSG00000157617,1.0516975,4.6625996,small,large,-0.9839565120187217,1.9347419242538455e-14
ENSG00000182446,0.62697434,8.061758,small,large,-0.70057851845005,6.888687832753319e-11
ENSG00000127452,3.509686,3.295721,mid,large,-0.4514030443416442,0.007164518484371787
ENSG00000090238,3.9608135,3.14665,mid,large,-0.7000238275240234,0.008778514378102188
ENSG00000124067,3.9142034,3.9671912,mid,large,-1.9599846239307912,1.971131481298838e-43
ENSG00000155906,63.698032,107.642166,mid,large,-0.5497483107931386,0.0013376248925344488
ENSG00000213762,1.0203434,21.346626,small,large,-0.5291650925833923,0.00042053755236994825
ENSG00000135698,2.6582487,11.966595,mid,large,-1.2870985494283704,8.687862107317737e-12
ENSG00000198945,63.698032,107.642166,mid,large,-0.4834819472231928,0.03752378145725509
ENSG00000139209,9.3334465,20.479343,mid,large,-6.3035807217458695,2.8755618088123956e-49
ENSG00000142208,4.265061,6.477254,mid,large,-0.7933402750248184,7.2077966063153686e-12
ENSG00000137821,1.8812851,3.85879,mid,large,-1.7431655691698513,1.5268729072101802e-07
ENSG00000135540,63.698032,107.642166,mid,large,-1.7363172847749857,6.86119300396891e-06
ENSG00000139974,1.8420306,8.412617,mid,large,-1.602266916470276,1.0782523277972814e-08
ENSG00000148498,6.5573454,14.387903,mid,large,-0.5532583658046192,0.0005236055438026925
ENSG00000165410,3.6285813,3.6912198,mid,large,-4.25981429115961,6.826815718834697e-173
ENSG00000149932,0.95969987,5.961674,small,large,-1.0537800161404896,7.047730286694526e-11
ENSG00000150316,1.4550759,13.94037,small,large,-0.36349670284842295,0.016868611491821006
ENSG00000175746,2.5566585,20.925875,mid,large,-6.904491429573982,0.011230896357545444
ENSG00000167671,1.2152796,4.125446,small,large,-1.5922661591245646,1.2406982274199745e-27
ENSG00000125965,5.8797894,5.5443525,mid,large,-2.37197914631911,0.0038659156360582292
ENSG00000188997,6.076965,8.555763,mid,large,-1.7464138055493836,4.9101866690801494e-26
ENSG00000131899,4.1620007,4.8916054,mid,large,-2.308812089918541,9.694314037552578e-52
ENSG00000166482,0.37831032,6.3236017,small,large,-7.282509998377136,1.1960276454771819e-41
ENSG00000137824,2.1267931,4.0287247,mid,large,-0.6493993285007978,2.3401749712457946e-05
ENSG00000146416,63.698032,107.642166,mid,large,-0.993649544502102,1.4771851081485885e-08
ENSG00000197182,4.529449,5.6453967,mid,large,-2.3278248437647178,6.4912815977145225e-12
ENSG00000181588,0.7882891,6.5341644,small,large,-2.4499872888050045,8.253846073842518e-52
ENSG00000108395,3.6752868,3.850796,mid,large,-0.5560178391486096,8.819093545338367e-05
ENSG00000172831,5.4538307,4.6031585,mid,large,-0.7412344312688843,8.348066164085123e-07
ENSG00000128463,4.707768,7.327538,mid,large,-1.049952497247466,6.172135372156098e-15
ENSG00000101190,0.3699959,9.811676,small,large,-1.5905976197304026,4.899331590774725e-26
ENSG00000225663,0.22985825,6.4973435,small,large,-1.320974818614339,2.63272664538764e-24
ENSG00000069869,0.30138388,15.377783,small,large,-2.8032431148557966,2.382436623761994e-63
ENSG00000160570,4.5492845,6.0961804,mid,large,-0.5885922117497098,0.0015563820808189638
ENSG00000154845,1.5055068,4.254661,small,large,-1.28135205724147,9.994222646568698e-14
ENSG00000184304,0.585391,4.1067524,small,large,-8.696086836668584,3.832538272150129e-46
ENSG00000133816,1.5204837,10.234011,small,large,-6.430963475039121,0.0
ENSG00000186814,1.9694111,11.750348,small,large,-0.5850867641694102,0.0002367320428467939
ENSG00000164506,63.698032,107.642166,mid,large,-1.5328768275067366,3.975179818805284e-40
ENSG00000109111,5.634633,4.5811105,mid,large,-0.7506393092888789,3.3726194115662044e-11
ENSG00000174306,0.3686668,3.6209288,small,large,-2.370766991331657,2.4607271791301694e-74
ENSG00000213015,1.9124275,4.282193,small,large,-0.6985565248567953,1.7475183187204844e-05
ENSG00000084444,6.9296465,13.288068,mid,large,-4.124549342845442,6.130510140666442e-32
ENSG00000165521,0.42650485,7.9967666,small,large,-6.0843603147177445,1.8322354635769332e-63
ENSG00000186951,5.4120836,7.148778,mid,large,-1.202220661248816,1.3490222940005805e-11
ENSG00000075399,2.880319,4.885445,mid,large,-2.6012536049602915,5.0834854031740216e-23
ENSG00000124134,5.2275376,3.601919,mid,large,-6.136008395589839,4.1472734336911414e-05
ENSG00000119946,4.329408,10.169513,mid,large,-8.454056964084538,1.0203403713153237e-15
ENSG00000033011,1.3702604,6.7569413,small,large,-1.0263792786026864,1.8786071648861642e-13
ENSG00000055208,63.698032,107.642166,mid,large,-0.3805937940654592,0.004728430527701278
ENSG00000196388,5.959237,4.7044835,mid,large,-1.9423898011343108,0.011714166155679126
ENSG00000179271,1.7123227,3.912012,small,large,-0.43442513752174505,0.008682310027519726
ENSG00000181396,1.4259998,4.2896085,small,large,-0.5781894670297835,8.452178145582689e-05
ENSG00000101417,4.6829863,4.6459246,mid,large,-0.7939544894000756,0.00012106328151552476
ENSG00000131849,0.007387748,3.2577698,small,large,-0.7440845086566339,0.0036769560372274233
ENSG00000179242,4.860983,20.208458,mid,large,-10.291698174662981,5.4295149439355774e-12
ENSG00000182871,6.437468,9.31963,mid,large,-7.145858633740107,1.1954109393643857e-73
ENSG00000135541,63.698032,107.642166,mid,large,-2.5224884252925763,3.6932394941327732e-53
ENSG00000146085,16.264889,23.482037,mid,large,-0.6301818064742002,8.750253459366719e-05
ENSG00000111832,63.698032,107.642166,mid,large,-1.0673055455034945,3.2413579810475255e-16
ENSG00000119685,1.2536521,6.6681128,small,large,-0.4406763333124973,0.002860984807574271
ENSG00000105245,0.84835696,8.044338,small,large,-2.5793090624994344,1.2507046870597344e-67
ENSG00000166595,5.4538307,4.6031585,mid,large,-0.41999957203167554,0.01048613435927515
ENSG00000141646,5.435309,5.0520573,mid,large,-0.5624564120930631,4.64713045847145e-05
ENSG00000141424,6.483311,5.4738603,mid,large,-1.258052543971762,1.1323555891081372e-22
ENSG00000079819,63.698032,107.642166,mid,large,-0.763584055246933,0.0002073238506430248
ENSG00000185022,0.71898866,4.24126,small,large,-4.180170457711266,2.9389350746721747e-53
ENSG00000185787,4.2562256,3.978434,mid,large,-0.8469914713472934,3.063618216788049e-12
ENSG00000105559,0.2914694,3.005069,small,large,-1.5805508762894052,2.9954787606265524e-05
ENSG00000227051,0.44428283,4.451535,small,large,-8.892529178995673,6.37650860126076e-76
ENSG00000140092,3.1147776,8.210904,mid,large,-9.01796779923081,1.8344939414382188e-112
ENSG00000167074,5.195074,4.457369,mid,large,-0.9949409341068138,1.6664838009923936e-07
ENSG00000178301,4.560133,8.537359,mid,large,-1.3503336695724484,0.0011168773270278543
ENSG00000132386,0.7911454,6.5802293,small,large,-3.4391826898681552,7.414061617178232e-13
ENSG00000139946,4.4042387,13.712061,mid,large,-4.805895883073233,2.6322247491056495e-09
ENSG00000002834,0.54369676,4.080208,small,large,-2.2279656617495696,8.732429214881994e-76
ENSG00000160305,6.7369995,8.763988,mid,large,-0.6065632760180923,3.544896893859397e-05
ENSG00000112096,63.698032,107.642166,mid,large,-1.120300849780395,1.0794263779595986e-17
ENSG00000118369,6.076965,8.555763,mid,large,-0.6780552300836585,9.912164588521666e-05
ENSG00000121406,0.5983481,13.909624,small,large,-0.9605827040570449,1.3985561686423127e-05
ENSG00000223802,0.839073,6.699916,small,large,-3.287924031568039,0.004844729659328918
ENSG00000178386,3.5509207,6.9632664,mid,large,-4.554471143747512,0.002289960542474992
ENSG00000161533,3.2219906,4.696292,mid,large,-0.9964998194893102,4.088208781071135e-08
ENSG00000146376,63.698032,107.642166,mid,large,-1.2436529124688063,2.0346412701864877e-26
ENSG00000100320,4.997632,8.838108,mid,large,-8.971837218585865,1.806408508012881e-206
ENSG00000156515,8.788614,7.6733274,mid,large,-1.2280452824536905,4.0448778772343485e-21
ENSG00000141349,5.7499933,5.086412,mid,large,-1.0600869254763836,5.682617651512454e-17
ENSG00000108433,5.5875645,5.1648493,mid,large,-0.6271313597130933,0.00010047136660863807
ENSG00000154240,4.5534716,7.648433,mid,large,-5.2854786733225545,1.3808800829673752e-26
ENSG00000129250,5.959237,4.7044835,mid,large,-1.6575288170275544,1.0845749250259774e-54
ENSG00000112031,63.698032,107.642166,mid,large,-0.6238235598150462,0.0010499116216197415
ENSG00000080546,63.698032,107.642166,mid,large,-2.527660064702791,8.345111337904238e-26
ENSG00000167772,1.6755458,3.773369,small,large,-6.618696763135988,1.8831029581933921e-10
ENSG00000051620,63.698032,107.642166,mid,large,-0.9246851692558272,2.2446186295927105e-07
ENSG00000182240,1.618556,31.746092,mid,large,-6.187433442570484,1.016524733335027e-18
ENSG00000151208,1.8005724,11.028871,small,large,-3.2016520989896713,8.484135061083911e-172
ENSG00000283453,1.5821614,49.018158,small,large,-1.718210179067969,0.020998102337682012
ENSG00000125864,3.641271,9.494063,mid,large,-3.922571549066239,6.0466390246812325e-09
ENSG00000244588,2.54665,3.9449725,mid,large,-4.588070938693936,0.0021421067484500332
ENSG00000171631,7.3616157,7.2017727,mid,large,-1.297171516729736,0.0435623236868067
ENSG00000103502,0.40100333,4.289012,small,large,-1.9271035414326962,2.4531193622699006e-28
ENSG00000226571,63.698032,107.642166,mid,large,-3.597773504200464,0.0004822265928334959
ENSG00000074219,1.3220415,7.071162,small,large,-6.976241843040282,1.9996369281291328e-46
ENSG00000078269,63.698032,107.642166,mid,large,-6.076611641937383,1.4338231185045915e-143
ENSG00000130338,63.698032,107.642166,mid,large,-1.1333722384089626,4.579642668559807e-18
ENSG00000112531,63.698032,107.642166,mid,large,-0.5860719302353978,0.00019510424274955568
ENSG00000108861,4.5288167,4.0442114,mid,large,-3.147810546654681,2.463767642736131e-98
ENSG00000178980,4.4383736,5.091972,mid,large,-2.0905009878429524,4.130301653457106e-51
ENSG00000118689,63.698032,107.642166,mid,large,-3.29575750353145,8.843213923487562e-75
ENSG00000111817,63.698032,107.642166,mid,large,-0.39601667064686125,0.0009321614959853117
ENSG00000136478,5.9480686,5.2009544,mid,large,-1.5455771667784328,1.1844542195249853e-16
ENSG00000103642,4.596949,7.825138,mid,large,-1.4746282834385225,4.271570525377315e-15
ENSG00000101577,1.251335,6.3030505,small,large,-0.5176303558235681,2.4967230213111937e-05
ENSG00000112367,63.698032,107.642166,mid,large,-0.6893936506795678,1.1411926951852644e-05
ENSG00000149201,5.057666,14.667244,mid,large,-5.299977362857475,1.1705137488890175e-15
ENSG00000120265,63.698032,107.642166,mid,large,-1.1990443918273825,4.791790128345697e-15
ENSG00000140104,4.334284,4.3268967,mid,large,-3.684574292717642,8.636092420849781e-35
ENSG00000137831,3.8175166,9.406624,mid,large,-6.5832415935688156,1.0307402579710568e-94
ENSG00000112290,63.698032,107.642166,mid,large,-1.0074250132880709,1.1704323392637228e-07
ENSG00000112406,63.698032,107.642166,mid,large,-1.3566751650692783,1.658612392628933e-11
ENSG00000226149,63.698032,107.642166,mid,large,-2.1217161786279526,8.779371664618049e-05
ENSG00000081087,63.698032,107.642166,mid,large,-2.522124199618215,7.342340081251143e-70
ENSG00000122367,7.457446,7.6718316,mid,large,-3.776078423722322,2.5243948854463062e-06
ENSG00000196569,63.698032,107.642166,mid,large,-6.296945148137063,4.136179393172161e-77
ENSG00000034152,1.5607538,3.9995685,small,large,-2.4794298190445385,1.561559972039006e-66
ENSG00000167100,5.739934,5.0007668,mid,large,-2.5562341793060472,5.120714390676672e-07
ENSG00000099797,2.8229187,4.055784,mid,large,-0.4540425747728259,0.010248817743511917
ENSG00000139926,0.21273012,19.62152,small,large,-6.861568546469737,5.919466382355756e-229
ENSG00000166398,4.43438,4.256156,mid,large,-1.2320514682236072,4.025390734964953e-09
ENSG00000156011,1.1829102,27.435066,small,large,-3.083308248339505,3.743527483090534e-52
ENSG00000164930,6.6367555,89.07078,mid,large,-3.325334903953272,3.1210112827095786e-110
ENSG00000069329,5.206443,4.795572,mid,large,-0.5743304290038397,1.6455582800583568e-06
ENSG00000175183,3.29041,17.50244,mid,large,-6.391484159462657,1.7184416185187996e-27
ENSG00000079841,21.726849,16.199621,mid,large,-1.9577927624337828,3.953997337291507e-09
ENSG00000146476,63.698032,107.642166,mid,large,-0.5067239782365017,0.005584887110676647
ENSG00000108854,3.4980314,4.2860036,mid,large,-4.099573921375798,4.369927614795031e-41
ENSG00000011114,2.2561939,8.105942,mid,large,-1.3581411166745605,1.6682095466959564e-30
ENSG00000196961,2.127849,9.279298,mid,large,-1.146682104092723,4.765399748205573e-25
ENSG00000009413,63.698032,107.642166,mid,large,-0.5311805867526402,0.009845188023500172
ENSG00000103599,2.849759,5.15474,mid,large,-1.2819860744293703,0.0068442876034829755
ENSG00000151276,7.9163256,184.60757,mid,large,-6.626791544363337,8.124804058616499e-107
ENSG00000100196,4.0900397,9.006008,mid,large,-10.075909555244865,1.0037121205295355e-78
ENSG00000111305,1.5573037,16.415451,small,large,-6.5841462864904035,0.014684665343054416
ENSG00000173838,0.8638182,15.254314,small,large,-4.469039892942498,0.00012933992701679397
ENSG00000186300,0.5293409,7.0664015,small,large,-1.9082072651389579,1.6911756932740474e-11
ENSG00000117899,3.4650838,6.4712453,mid,large,-0.8088123237498775,8.528473169796856e-08
ENSG00000168575,3.1224701,13.057093,small,large,-2.34443101915521,1.8431362843454746e-38
ENSG00000140718,2.0949564,10.171698,small,large,-0.9697537406034403,8.257839987963038e-15
ENSG00000134030,5.970645,13.333807,mid,large,-3.4170902670061842,7.91092330778478e-120
ENSG00000080573,2.1087546,4.912572,mid,large,-3.770658149330525,1.163420214587338e-16
ENSG00000135678,6.031684,16.842958,mid,large,-2.2404678545642884,2.3364748334105062e-08
ENSG00000138311,1.3972288,14.467175,small,large,-8.904420340650091,1.9231765686141758e-17
ENSG00000100711,2.4035091,7.0003676,mid,large,-1.543888208797021,3.753314094717064e-19
ENSG00000100418,2.7003613,5.0877833,mid,large,-0.4994644683830042,0.011393485565157738
ENSG00000056972,63.698032,107.642166,mid,large,-0.5005425392411377,0.0031011971980718393
ENSG00000118515,63.698032,107.642166,mid,large,-5.259286337337568,1.288898473599428e-127
ENSG00000152818,63.698032,107.642166,mid,large,-1.5945092784628012,6.1170731330936505e-40
ENSG00000235609,0.9475288,6.816356,small,large,-2.761185557703395,1.5081020905891643e-08
ENSG00000167863,4.287052,4.460172,mid,large,-0.8932772675694739,2.3117059837576847e-13
ENSG00000130703,5.863192,10.31488,mid,large,-0.8064177233411434,1.8772201120782986e-07
ENSG00000025796,63.698032,107.642166,mid,large,-1.0817311376894432,2.3629145905922345e-19
ENSG00000087053,0.7144243,14.89113,small,large,-0.6231419934337216,4.189801823603303e-06
ENSG00000266904,0.32500556,9.341584,small,large,-1.2779869579725638,0.02671395700563304
ENSG00000011451,5.0153627,3.7328982,mid,large,-1.092964320831378,4.2090371023110096e-16
ENSG00000213079,63.698032,107.642166,mid,large,-0.49939950617570805,3.059980046189739e-05
ENSG00000198791,4.933931,35.428356,mid,large,-0.6463016033888559,1.4073715764422815e-07
ENSG00000173273,14.697535,12.578468,mid,large,-1.0903847168269956,9.805058640517075e-14
ENSG00000172346,2.191738,6.202843,small,large,-5.6329920094501,6.362170987455089e-23
ENSG00000134759,6.483311,5.4738603,mid,large,-0.4812580960846744,0.0006036552783708136
ENSG00000198342,0.33546793,6.5704885,small,large,-3.216685299830012,2.1788682228787795e-17
ENSG00000111110,1.456666,21.0084,small,large,-4.623785603859388,1.8697659319160922e-28
ENSG00000101335,0.33651552,5.423455,small,large,-9.57980154352788,1.5672482043875314e-281
ENSG00000164929,5.78924,89.07078,mid,large,-3.1528678729953117,0.0006152126186490186
ENSG00000170909,2.23421,9.01387,mid,large,-2.6494628117525183,0.007535694187280976
ENSG00000149260,3.447718,6.9699965,mid,large,-6.741010057442129,5.833664947605761e-81
ENSG00000166471,4.133996,6.23781,mid,large,-0.8443330837861402,8.334565052334655e-09
ENSG00000081923,2.854924,6.6349425,mid,large,-9.551907289658391,3.7616007821276066e-157
ENSG00000118495,63.698032,107.642166,mid,large,-1.5639442021253844,2.7934421391045277e-18
ENSG00000131626,4.4341903,9.038448,mid,large,-0.9750584696122216,5.051015628929353e-15
ENSG00000108797,0.553226,3.9478302,small,large,-0.49407854248144506,0.02909748122419484
ENSG00000226800,4.4374514,4.2447543,mid,large,-6.139287538310628,3.429936925959904e-05
ENSG00000138193,9.401615,13.140262,mid,large,-3.2890005477012654,3.7129664320570016e-08
ENSG00000112110,63.698032,107.642166,mid,large,-0.4190296597499134,0.022552262523820043
ENSG00000118496,63.698032,107.642166,mid,large,-1.0254814205428533,1.1999374467137865e-13
ENSG00000179954,2.015373,6.204908,mid,large,-8.099330850563819,1.1683016142415006e-129
ENSG00000233452,63.698032,107.642166,mid,large,-4.571177315985365,1.310429372306593e-14
ENSG00000118518,63.698032,107.642166,mid,large,-0.7454792512144885,1.4164009187608509e-05
ENSG00000134153,4.0121074,4.2675066,mid,large,-2.2162843996952315,3.86675082175661e-45
ENSG00000074935,63.698032,107.642166,mid,large,-0.6603910556681971,0.009288124334847277
ENSG00000074603,3.4896646,3.7777035,mid,large,-0.526792335673845,0.000108229596139965
ENSG00000130513,0.5407482,4.776496,small,large,-3.9462203364928707,7.553183396858698e-34
